-- phpMyAdmin SQL Dump
-- version 5.0.1
-- https://www.phpmyadmin.net/
--
-- Host: 127.0.0.1
-- Generation Time: Jan 24, 2021 at 10:42 AM
-- Server version: 10.4.11-MariaDB
-- PHP Version: 7.4.2

SET SQL_MODE = "NO_AUTO_VALUE_ON_ZERO";
SET AUTOCOMMIT = 0;
START TRANSACTION;
SET time_zone = "+00:00";


/*!40101 SET @OLD_CHARACTER_SET_CLIENT=@@CHARACTER_SET_CLIENT */;
/*!40101 SET @OLD_CHARACTER_SET_RESULTS=@@CHARACTER_SET_RESULTS */;
/*!40101 SET @OLD_COLLATION_CONNECTION=@@COLLATION_CONNECTION */;
/*!40101 SET NAMES utf8mb4 */;

--
-- Database: `hotel101-hotel-bookings-laravel-react`
--

-- --------------------------------------------------------

--
-- Table structure for table `bookings`
--

CREATE TABLE `bookings` (
  `id` bigint(20) UNSIGNED NOT NULL,
  `check_in` date NOT NULL,
  `check_out` date NOT NULL,
  `user_id` bigint(20) UNSIGNED NOT NULL,
  `room_id` bigint(20) UNSIGNED NOT NULL,
  `created_at` timestamp NULL DEFAULT NULL,
  `updated_at` timestamp NULL DEFAULT NULL
) ENGINE=InnoDB DEFAULT CHARSET=utf8mb4 COLLATE=utf8mb4_unicode_ci;

--
-- Dumping data for table `bookings`
--

INSERT INTO `bookings` (`id`, `check_in`, `check_out`, `user_id`, `room_id`, `created_at`, `updated_at`) VALUES
(1, '1976-03-01', '2002-05-19', 1, 1, '2021-01-16 02:09:14', '2021-01-16 02:09:14'),
(2, '1974-04-15', '1975-02-04', 9, 2, '2021-01-16 02:09:15', '2021-01-16 02:09:15'),
(3, '1993-11-29', '1996-02-01', 9, 3, '2021-01-16 02:09:15', '2021-01-16 02:09:15'),
(4, '1999-07-04', '2003-08-28', 9, 4, '2021-01-16 02:09:16', '2021-01-16 02:09:16'),
(5, '1989-06-17', '2007-03-22', 9, 5, '2021-01-16 02:09:16', '2021-01-16 02:09:16'),
(6, '1970-02-05', '1984-12-21', 4, 6, '2021-01-16 02:09:17', '2021-01-16 02:09:17'),
(7, '1995-12-29', '2011-05-03', 9, 7, '2021-01-16 02:09:17', '2021-01-16 02:09:17'),
(8, '2007-07-30', '1988-04-01', 1, 8, '2021-01-16 02:09:17', '2021-01-16 02:09:17'),
(9, '1986-12-11', '2003-11-29', 4, 9, '2021-01-16 02:09:18', '2021-01-16 02:09:18'),
(10, '2006-02-18', '2019-01-31', 6, 10, '2021-01-16 02:09:18', '2021-01-16 02:09:18'),
(11, '1975-06-30', '2020-05-08', 1, 11, '2021-01-16 02:09:19', '2021-01-16 02:09:19'),
(12, '2005-10-19', '2013-12-24', 6, 12, '2021-01-16 02:09:20', '2021-01-16 02:09:20'),
(13, '2002-01-08', '1977-01-08', 2, 13, '2021-01-16 02:09:20', '2021-01-16 02:09:20'),
(14, '1985-09-01', '2001-08-02', 7, 14, '2021-01-16 02:09:21', '2021-01-16 02:09:21'),
(15, '2012-11-14', '1995-02-13', 8, 15, '2021-01-16 02:09:21', '2021-01-16 02:09:21'),
(16, '2003-01-26', '2015-12-15', 9, 16, '2021-01-16 02:09:22', '2021-01-16 02:09:22'),
(17, '1990-10-07', '1975-07-15', 9, 17, '2021-01-16 02:09:22', '2021-01-16 02:09:22'),
(18, '1970-07-07', '2009-10-23', 7, 18, '2021-01-16 02:09:23', '2021-01-16 02:09:23'),
(19, '1988-10-21', '2018-01-15', 3, 19, '2021-01-16 02:09:23', '2021-01-16 02:09:23'),
(20, '1990-02-20', '1994-10-29', 4, 20, '2021-01-16 02:09:23', '2021-01-16 02:09:23'),
(21, '2009-01-02', '2016-10-11', 9, 21, '2021-01-16 02:09:25', '2021-01-16 02:09:25'),
(22, '1988-11-10', '1976-03-09', 1, 22, '2021-01-16 02:09:25', '2021-01-16 02:09:25'),
(23, '1970-03-16', '1985-11-05', 2, 23, '2021-01-16 02:09:25', '2021-01-16 02:09:25'),
(24, '1988-01-21', '1991-07-01', 3, 24, '2021-01-16 02:09:26', '2021-01-16 02:09:26'),
(25, '1976-05-15', '1974-06-18', 6, 25, '2021-01-16 02:09:26', '2021-01-16 02:09:26'),
(26, '1998-05-31', '1982-06-02', 8, 26, '2021-01-16 02:09:27', '2021-01-16 02:09:27'),
(27, '2000-10-18', '1974-12-30', 2, 27, '2021-01-16 02:09:27', '2021-01-16 02:09:27'),
(28, '1997-04-23', '1994-10-28', 8, 28, '2021-01-16 02:09:28', '2021-01-16 02:09:28'),
(29, '1974-12-14', '2006-07-11', 3, 29, '2021-01-16 02:09:28', '2021-01-16 02:09:28'),
(30, '1994-07-23', '2016-06-06', 7, 30, '2021-01-16 02:09:29', '2021-01-16 02:09:29'),
(31, '2000-07-05', '2013-08-27', 3, 31, '2021-01-16 02:09:30', '2021-01-16 02:09:30'),
(32, '1978-02-09', '1982-05-13', 1, 32, '2021-01-16 02:09:30', '2021-01-16 02:09:30'),
(33, '2007-08-30', '1977-09-09', 5, 33, '2021-01-16 02:09:31', '2021-01-16 02:09:31'),
(34, '1994-01-19', '1978-01-03', 2, 34, '2021-01-16 02:09:31', '2021-01-16 02:09:31'),
(35, '1985-01-03', '2008-05-29', 2, 35, '2021-01-16 02:09:31', '2021-01-16 02:09:31'),
(36, '1980-01-04', '1979-11-17', 6, 36, '2021-01-16 02:09:32', '2021-01-16 02:09:32'),
(37, '1990-07-17', '2006-01-21', 4, 37, '2021-01-16 02:09:32', '2021-01-16 02:09:32'),
(38, '1995-09-17', '1980-09-23', 6, 38, '2021-01-16 02:09:33', '2021-01-16 02:09:33'),
(39, '1980-02-24', '1998-02-18', 7, 39, '2021-01-16 02:09:33', '2021-01-16 02:09:33'),
(40, '1979-11-14', '1988-11-21', 1, 40, '2021-01-16 02:09:34', '2021-01-16 02:09:34'),
(41, '1974-08-20', '2009-02-14', 9, 41, '2021-01-16 02:09:35', '2021-01-16 02:09:35'),
(42, '2018-01-07', '2001-11-16', 9, 42, '2021-01-16 02:09:35', '2021-01-16 02:09:35'),
(43, '2000-12-05', '1970-06-29', 3, 43, '2021-01-16 02:09:36', '2021-01-16 02:09:36'),
(44, '2005-12-14', '2020-01-31', 7, 44, '2021-01-16 02:09:36', '2021-01-16 02:09:36'),
(45, '1998-04-13', '2005-05-12', 8, 45, '2021-01-16 02:09:37', '2021-01-16 02:09:37'),
(46, '1972-01-16', '1982-02-08', 3, 46, '2021-01-16 02:09:37', '2021-01-16 02:09:37'),
(47, '1981-11-29', '2007-10-04', 9, 47, '2021-01-16 02:09:37', '2021-01-16 02:09:37'),
(48, '1988-08-12', '1988-03-30', 9, 48, '2021-01-16 02:09:38', '2021-01-16 02:09:38'),
(49, '1991-06-16', '2003-01-16', 9, 49, '2021-01-16 02:09:38', '2021-01-16 02:09:38'),
(50, '2005-06-05', '1983-12-25', 3, 50, '2021-01-16 02:09:39', '2021-01-16 02:09:39'),
(51, '1994-08-15', '2016-03-08', 1, 51, '2021-01-16 02:09:40', '2021-01-16 02:09:40'),
(52, '1979-05-26', '2012-02-28', 9, 52, '2021-01-16 02:09:40', '2021-01-16 02:09:40'),
(53, '1997-12-09', '1998-02-21', 8, 53, '2021-01-16 02:09:41', '2021-01-16 02:09:41'),
(54, '1997-04-03', '2002-08-08', 3, 54, '2021-01-16 02:09:41', '2021-01-16 02:09:41'),
(55, '1974-11-20', '2002-11-17', 4, 55, '2021-01-16 02:09:42', '2021-01-16 02:09:42'),
(56, '2004-10-01', '1974-08-24', 9, 56, '2021-01-16 02:09:42', '2021-01-16 02:09:42'),
(57, '2001-08-03', '2016-10-16', 1, 57, '2021-01-16 02:09:42', '2021-01-16 02:09:42'),
(58, '2003-10-14', '2017-06-12', 4, 58, '2021-01-16 02:09:43', '2021-01-16 02:09:43'),
(59, '2006-06-26', '1982-05-28', 7, 59, '2021-01-16 02:09:43', '2021-01-16 02:09:43'),
(60, '2001-04-02', '2013-02-04', 4, 60, '2021-01-16 02:09:44', '2021-01-16 02:09:44'),
(61, '1999-11-23', '1996-11-11', 1, 61, '2021-01-16 02:09:45', '2021-01-16 02:09:45'),
(62, '1986-09-20', '1995-10-05', 4, 62, '2021-01-16 02:09:45', '2021-01-16 02:09:45'),
(63, '2014-10-28', '2002-03-18', 1, 63, '2021-01-16 02:09:46', '2021-01-16 02:09:46'),
(64, '1988-11-13', '2016-01-14', 6, 64, '2021-01-16 02:09:46', '2021-01-16 02:09:46'),
(65, '2007-05-06', '2013-07-23', 3, 65, '2021-01-16 02:09:47', '2021-01-16 02:09:47'),
(66, '2009-08-30', '2016-12-21', 1, 66, '2021-01-16 02:09:47', '2021-01-16 02:09:47'),
(67, '1999-12-23', '2010-11-18', 6, 67, '2021-01-16 02:09:48', '2021-01-16 02:09:48'),
(68, '2020-10-20', '1994-03-12', 4, 68, '2021-01-16 02:09:48', '2021-01-16 02:09:48'),
(69, '2013-05-04', '1998-02-09', 2, 69, '2021-01-16 02:09:48', '2021-01-16 02:09:48'),
(70, '1972-01-31', '2006-05-16', 9, 70, '2021-01-16 02:09:49', '2021-01-16 02:09:49'),
(71, '2006-04-20', '2010-07-17', 8, 71, '2021-01-16 02:09:50', '2021-01-16 02:09:50'),
(72, '1972-05-06', '1988-07-24', 3, 72, '2021-01-16 02:09:50', '2021-01-16 02:09:50'),
(73, '2012-10-17', '1989-02-22', 3, 73, '2021-01-16 02:09:51', '2021-01-16 02:09:51'),
(74, '2007-09-08', '2008-01-17', 8, 74, '2021-01-16 02:09:51', '2021-01-16 02:09:51'),
(75, '1983-11-25', '1981-03-15', 1, 75, '2021-01-16 02:09:52', '2021-01-16 02:09:52'),
(76, '2019-10-12', '2018-05-01', 7, 76, '2021-01-16 02:09:52', '2021-01-16 02:09:52'),
(77, '1980-06-07', '1992-06-06', 5, 77, '2021-01-16 02:09:53', '2021-01-16 02:09:53'),
(78, '1985-02-22', '1985-03-05', 7, 78, '2021-01-16 02:09:53', '2021-01-16 02:09:53'),
(79, '2020-09-04', '2011-06-23', 2, 79, '2021-01-16 02:09:53', '2021-01-16 02:09:53'),
(80, '2008-05-15', '2013-08-29', 4, 80, '2021-01-16 02:09:54', '2021-01-16 02:09:54'),
(81, '1992-08-28', '1990-04-13', 9, 81, '2021-01-16 02:09:55', '2021-01-16 02:09:55'),
(82, '2013-06-21', '1990-04-25', 1, 82, '2021-01-16 02:09:55', '2021-01-16 02:09:55'),
(83, '2019-11-27', '1973-06-06', 9, 83, '2021-01-16 02:09:56', '2021-01-16 02:09:56'),
(84, '2013-04-19', '1993-08-01', 7, 84, '2021-01-16 02:09:56', '2021-01-16 02:09:56'),
(85, '1975-11-03', '2012-08-19', 6, 85, '2021-01-16 02:09:56', '2021-01-16 02:09:56'),
(86, '1982-09-08', '1998-08-19', 7, 86, '2021-01-16 02:09:57', '2021-01-16 02:09:57'),
(87, '2005-11-25', '2003-09-15', 4, 87, '2021-01-16 02:09:57', '2021-01-16 02:09:57'),
(88, '1997-06-27', '2019-09-30', 7, 88, '2021-01-16 02:09:58', '2021-01-16 02:09:58'),
(89, '1992-10-04', '2020-02-19', 3, 89, '2021-01-16 02:09:58', '2021-01-16 02:09:58'),
(90, '2012-10-28', '1980-02-23', 6, 90, '2021-01-16 02:09:58', '2021-01-16 02:09:58'),
(91, '2011-03-06', '2013-11-04', 3, 91, '2021-01-16 02:09:59', '2021-01-16 02:09:59'),
(92, '1993-03-30', '2016-02-06', 9, 92, '2021-01-16 02:10:00', '2021-01-16 02:10:00'),
(93, '2001-03-24', '2008-10-04', 5, 93, '2021-01-16 02:10:00', '2021-01-16 02:10:00'),
(94, '1994-08-17', '2002-03-02', 7, 94, '2021-01-16 02:10:01', '2021-01-16 02:10:01'),
(95, '1974-03-28', '1973-03-08', 6, 95, '2021-01-16 02:10:01', '2021-01-16 02:10:01'),
(96, '2001-11-02', '1970-04-06', 5, 96, '2021-01-16 02:10:02', '2021-01-16 02:10:02'),
(97, '1974-01-23', '1988-02-04', 1, 97, '2021-01-16 02:10:02', '2021-01-16 02:10:02'),
(98, '1973-05-27', '1982-05-27', 8, 98, '2021-01-16 02:10:02', '2021-01-16 02:10:02'),
(99, '1978-04-21', '1975-12-26', 8, 99, '2021-01-16 02:10:03', '2021-01-16 02:10:03'),
(100, '2001-06-12', '2001-06-26', 6, 100, '2021-01-16 02:10:03', '2021-01-16 02:10:03'),
(101, '2021-01-24', '2021-01-27', 15, 74, '2021-01-23 11:40:55', '2021-01-23 11:40:55'),
(102, '2021-01-24', '2021-01-27', 15, 74, '2021-01-23 12:09:51', '2021-01-23 12:09:51'),
(103, '2021-01-24', '2021-01-27', 15, 74, '2021-01-23 12:14:30', '2021-01-23 12:14:30'),
(104, '2021-01-24', '2021-01-27', 15, 74, '2021-01-23 12:14:57', '2021-01-23 12:14:57'),
(105, '2021-01-24', '2021-01-27', 15, 74, '2021-01-23 12:23:43', '2021-01-23 12:23:43'),
(106, '2021-01-24', '2021-01-27', 15, 74, '2021-01-23 12:25:45', '2021-01-23 12:25:45'),
(107, '2021-01-24', '2021-01-27', 15, 74, '2021-01-23 12:26:17', '2021-01-23 12:26:17'),
(108, '2021-01-25', '2021-01-28', 15, 71, '2021-01-23 12:27:54', '2021-01-23 12:27:54'),
(109, '2021-01-26', '2021-01-30', 15, 71, '2021-01-23 12:34:18', '2021-01-23 12:34:18'),
(110, '2021-01-25', '2021-01-26', 15, 72, '2021-01-23 19:48:40', '2021-01-23 19:48:40'),
(111, '2021-01-25', '2021-01-27', 15, 76, '2021-01-23 21:55:13', '2021-01-23 21:55:13'),
(112, '2021-01-25', '2021-01-29', 15, 89, '2021-01-23 22:03:38', '2021-01-23 22:03:38');

-- --------------------------------------------------------

--
-- Table structure for table `failed_jobs`
--

CREATE TABLE `failed_jobs` (
  `id` bigint(20) UNSIGNED NOT NULL,
  `connection` text COLLATE utf8mb4_unicode_ci NOT NULL,
  `queue` text COLLATE utf8mb4_unicode_ci NOT NULL,
  `payload` longtext COLLATE utf8mb4_unicode_ci NOT NULL,
  `exception` longtext COLLATE utf8mb4_unicode_ci NOT NULL,
  `failed_at` timestamp NOT NULL DEFAULT current_timestamp()
) ENGINE=InnoDB DEFAULT CHARSET=utf8mb4 COLLATE=utf8mb4_unicode_ci;

-- --------------------------------------------------------

--
-- Table structure for table `features`
--

CREATE TABLE `features` (
  `id` bigint(20) UNSIGNED NOT NULL,
  `name` varchar(255) COLLATE utf8mb4_unicode_ci NOT NULL,
  `room_id` bigint(20) UNSIGNED NOT NULL,
  `created_at` timestamp NULL DEFAULT NULL,
  `updated_at` timestamp NULL DEFAULT NULL
) ENGINE=InnoDB DEFAULT CHARSET=utf8mb4 COLLATE=utf8mb4_unicode_ci;

--
-- Dumping data for table `features`
--

INSERT INTO `features` (`id`, `name`, `room_id`, `created_at`, `updated_at`) VALUES
(1, 'Et qui.', 1, '2021-01-16 02:09:14', '2021-01-16 02:09:14'),
(2, 'Autem quo.', 1, '2021-01-16 02:09:14', '2021-01-16 02:09:14'),
(3, 'Est voluptatum.', 1, '2021-01-16 02:09:14', '2021-01-16 02:09:14'),
(4, 'A quibusdam saepe.', 1, '2021-01-16 02:09:14', '2021-01-16 02:09:14'),
(5, 'Non cum.', 1, '2021-01-16 02:09:14', '2021-01-16 02:09:14'),
(6, 'At hic.', 1, '2021-01-16 02:09:14', '2021-01-16 02:09:14'),
(7, 'Assumenda amet fugiat.', 1, '2021-01-16 02:09:14', '2021-01-16 02:09:14'),
(8, 'Velit ratione deserunt.', 1, '2021-01-16 02:09:14', '2021-01-16 02:09:14'),
(9, 'Magni temporibus.', 1, '2021-01-16 02:09:14', '2021-01-16 02:09:14'),
(10, 'Enim ipsa.', 1, '2021-01-16 02:09:14', '2021-01-16 02:09:14'),
(11, 'Dolor maiores assumenda.', 2, '2021-01-16 02:09:14', '2021-01-16 02:09:14'),
(12, 'Natus libero.', 2, '2021-01-16 02:09:15', '2021-01-16 02:09:15'),
(13, 'Cumque dolores eum.', 2, '2021-01-16 02:09:15', '2021-01-16 02:09:15'),
(14, 'Aspernatur et.', 2, '2021-01-16 02:09:15', '2021-01-16 02:09:15'),
(15, 'Quo amet.', 2, '2021-01-16 02:09:15', '2021-01-16 02:09:15'),
(16, 'Eligendi maiores.', 2, '2021-01-16 02:09:15', '2021-01-16 02:09:15'),
(17, 'Quasi optio.', 2, '2021-01-16 02:09:15', '2021-01-16 02:09:15'),
(18, 'Id vero.', 2, '2021-01-16 02:09:15', '2021-01-16 02:09:15'),
(19, 'Odit cumque vero.', 2, '2021-01-16 02:09:15', '2021-01-16 02:09:15'),
(20, 'Autem dolores facilis.', 2, '2021-01-16 02:09:15', '2021-01-16 02:09:15'),
(21, 'Et nihil cupiditate.', 3, '2021-01-16 02:09:15', '2021-01-16 02:09:15'),
(22, 'Quidem rerum.', 3, '2021-01-16 02:09:15', '2021-01-16 02:09:15'),
(23, 'Officia mollitia aliquid.', 3, '2021-01-16 02:09:15', '2021-01-16 02:09:15'),
(24, 'Omnis eum tempore.', 3, '2021-01-16 02:09:15', '2021-01-16 02:09:15'),
(25, 'Sed quibusdam natus.', 3, '2021-01-16 02:09:15', '2021-01-16 02:09:15'),
(26, 'Eaque unde.', 3, '2021-01-16 02:09:15', '2021-01-16 02:09:15'),
(27, 'Voluptates voluptatibus illum.', 3, '2021-01-16 02:09:15', '2021-01-16 02:09:15'),
(28, 'Necessitatibus est culpa.', 3, '2021-01-16 02:09:15', '2021-01-16 02:09:15'),
(29, 'Delectus quo rerum.', 3, '2021-01-16 02:09:15', '2021-01-16 02:09:15'),
(30, 'Asperiores libero incidunt.', 3, '2021-01-16 02:09:15', '2021-01-16 02:09:15'),
(31, 'Non et aut.', 4, '2021-01-16 02:09:15', '2021-01-16 02:09:15'),
(32, 'Nesciunt eligendi maiores.', 4, '2021-01-16 02:09:15', '2021-01-16 02:09:15'),
(33, 'Quis ea quos.', 4, '2021-01-16 02:09:15', '2021-01-16 02:09:15'),
(34, 'Atque aperiam enim.', 4, '2021-01-16 02:09:15', '2021-01-16 02:09:15'),
(35, 'Et sed dolores.', 4, '2021-01-16 02:09:15', '2021-01-16 02:09:15'),
(36, 'Tenetur fugit.', 4, '2021-01-16 02:09:15', '2021-01-16 02:09:15'),
(37, 'Reiciendis omnis.', 4, '2021-01-16 02:09:16', '2021-01-16 02:09:16'),
(38, 'Dolor voluptate doloremque.', 4, '2021-01-16 02:09:16', '2021-01-16 02:09:16'),
(39, 'Vero ea.', 4, '2021-01-16 02:09:16', '2021-01-16 02:09:16'),
(40, 'Omnis ex.', 4, '2021-01-16 02:09:16', '2021-01-16 02:09:16'),
(41, 'Voluptatem occaecati.', 5, '2021-01-16 02:09:16', '2021-01-16 02:09:16'),
(42, 'Quia quaerat minima.', 5, '2021-01-16 02:09:16', '2021-01-16 02:09:16'),
(43, 'Non quis.', 5, '2021-01-16 02:09:16', '2021-01-16 02:09:16'),
(44, 'Sit atque.', 5, '2021-01-16 02:09:16', '2021-01-16 02:09:16'),
(45, 'Est ut.', 5, '2021-01-16 02:09:16', '2021-01-16 02:09:16'),
(46, 'Officiis omnis in.', 5, '2021-01-16 02:09:16', '2021-01-16 02:09:16'),
(47, 'Possimus odit.', 5, '2021-01-16 02:09:16', '2021-01-16 02:09:16'),
(48, 'Voluptas quam.', 5, '2021-01-16 02:09:16', '2021-01-16 02:09:16'),
(49, 'Cumque sapiente.', 5, '2021-01-16 02:09:16', '2021-01-16 02:09:16'),
(50, 'Optio eaque.', 5, '2021-01-16 02:09:16', '2021-01-16 02:09:16'),
(51, 'Quisquam consequatur error.', 6, '2021-01-16 02:09:16', '2021-01-16 02:09:16'),
(52, 'Dolorem delectus aut.', 6, '2021-01-16 02:09:16', '2021-01-16 02:09:16'),
(53, 'Et id dolores.', 6, '2021-01-16 02:09:16', '2021-01-16 02:09:16'),
(54, 'Ut exercitationem eaque.', 6, '2021-01-16 02:09:16', '2021-01-16 02:09:16'),
(55, 'Impedit rerum vitae.', 6, '2021-01-16 02:09:16', '2021-01-16 02:09:16'),
(56, 'Ut velit.', 6, '2021-01-16 02:09:16', '2021-01-16 02:09:16'),
(57, 'Possimus aliquam laudantium.', 6, '2021-01-16 02:09:16', '2021-01-16 02:09:16'),
(58, 'Enim et.', 6, '2021-01-16 02:09:16', '2021-01-16 02:09:16'),
(59, 'Ea qui expedita.', 6, '2021-01-16 02:09:16', '2021-01-16 02:09:16'),
(60, 'Quia ratione qui.', 6, '2021-01-16 02:09:16', '2021-01-16 02:09:16'),
(61, 'Ipsum quia.', 7, '2021-01-16 02:09:17', '2021-01-16 02:09:17'),
(62, 'Iusto amet laborum.', 7, '2021-01-16 02:09:17', '2021-01-16 02:09:17'),
(63, 'Nemo delectus fugit.', 7, '2021-01-16 02:09:17', '2021-01-16 02:09:17'),
(64, 'Deserunt accusamus velit.', 7, '2021-01-16 02:09:17', '2021-01-16 02:09:17'),
(65, 'Similique perferendis.', 7, '2021-01-16 02:09:17', '2021-01-16 02:09:17'),
(66, 'Corrupti voluptatibus libero.', 7, '2021-01-16 02:09:17', '2021-01-16 02:09:17'),
(67, 'Quaerat inventore.', 7, '2021-01-16 02:09:17', '2021-01-16 02:09:17'),
(68, 'Quia quia recusandae.', 7, '2021-01-16 02:09:17', '2021-01-16 02:09:17'),
(69, 'Et quo.', 7, '2021-01-16 02:09:17', '2021-01-16 02:09:17'),
(70, 'Fugit magnam recusandae.', 7, '2021-01-16 02:09:17', '2021-01-16 02:09:17'),
(71, 'Eos id non.', 8, '2021-01-16 02:09:17', '2021-01-16 02:09:17'),
(72, 'Nesciunt illum.', 8, '2021-01-16 02:09:17', '2021-01-16 02:09:17'),
(73, 'Et pariatur.', 8, '2021-01-16 02:09:17', '2021-01-16 02:09:17'),
(74, 'Rerum iure.', 8, '2021-01-16 02:09:17', '2021-01-16 02:09:17'),
(75, 'Repudiandae veniam.', 8, '2021-01-16 02:09:17', '2021-01-16 02:09:17'),
(76, 'Sit veritatis sed.', 8, '2021-01-16 02:09:17', '2021-01-16 02:09:17'),
(77, 'Aut error dolor.', 8, '2021-01-16 02:09:17', '2021-01-16 02:09:17'),
(78, 'Et vel.', 8, '2021-01-16 02:09:17', '2021-01-16 02:09:17'),
(79, 'Tempore similique.', 8, '2021-01-16 02:09:17', '2021-01-16 02:09:17'),
(80, 'Adipisci esse.', 8, '2021-01-16 02:09:17', '2021-01-16 02:09:17'),
(81, 'Iure ut qui.', 9, '2021-01-16 02:09:17', '2021-01-16 02:09:17'),
(82, 'Blanditiis excepturi.', 9, '2021-01-16 02:09:17', '2021-01-16 02:09:17'),
(83, 'Est suscipit laudantium.', 9, '2021-01-16 02:09:17', '2021-01-16 02:09:17'),
(84, 'Harum iste.', 9, '2021-01-16 02:09:18', '2021-01-16 02:09:18'),
(85, 'Temporibus vel placeat.', 9, '2021-01-16 02:09:18', '2021-01-16 02:09:18'),
(86, 'Quia ducimus amet.', 9, '2021-01-16 02:09:18', '2021-01-16 02:09:18'),
(87, 'Sit repellendus quam.', 9, '2021-01-16 02:09:18', '2021-01-16 02:09:18'),
(88, 'Sapiente odit natus.', 9, '2021-01-16 02:09:18', '2021-01-16 02:09:18'),
(89, 'Neque voluptatum.', 9, '2021-01-16 02:09:18', '2021-01-16 02:09:18'),
(90, 'Doloribus voluptatem.', 9, '2021-01-16 02:09:18', '2021-01-16 02:09:18'),
(91, 'Qui dolores.', 10, '2021-01-16 02:09:18', '2021-01-16 02:09:18'),
(92, 'Aut quis fugiat.', 10, '2021-01-16 02:09:18', '2021-01-16 02:09:18'),
(93, 'Dolorum architecto aut.', 10, '2021-01-16 02:09:18', '2021-01-16 02:09:18'),
(94, 'Laudantium dolore ullam.', 10, '2021-01-16 02:09:18', '2021-01-16 02:09:18'),
(95, 'Numquam perferendis temporibus.', 10, '2021-01-16 02:09:18', '2021-01-16 02:09:18'),
(96, 'Reprehenderit voluptas.', 10, '2021-01-16 02:09:18', '2021-01-16 02:09:18'),
(97, 'Atque vel impedit.', 10, '2021-01-16 02:09:18', '2021-01-16 02:09:18'),
(98, 'Dolorum ut in.', 10, '2021-01-16 02:09:18', '2021-01-16 02:09:18'),
(99, 'Quidem voluptate.', 10, '2021-01-16 02:09:18', '2021-01-16 02:09:18'),
(100, 'Facilis eaque repellendus.', 10, '2021-01-16 02:09:18', '2021-01-16 02:09:18'),
(101, 'Fugiat officia.', 11, '2021-01-16 02:09:19', '2021-01-16 02:09:19'),
(102, 'Quis illum nulla.', 11, '2021-01-16 02:09:19', '2021-01-16 02:09:19'),
(103, 'Molestiae cupiditate odit.', 11, '2021-01-16 02:09:19', '2021-01-16 02:09:19'),
(104, 'Consectetur quisquam.', 11, '2021-01-16 02:09:19', '2021-01-16 02:09:19'),
(105, 'Tempore ut.', 11, '2021-01-16 02:09:19', '2021-01-16 02:09:19'),
(106, 'Vel aut laudantium.', 11, '2021-01-16 02:09:19', '2021-01-16 02:09:19'),
(107, 'Odio iure.', 11, '2021-01-16 02:09:19', '2021-01-16 02:09:19'),
(108, 'Impedit fugit vel.', 11, '2021-01-16 02:09:19', '2021-01-16 02:09:19'),
(109, 'Rerum eum.', 11, '2021-01-16 02:09:19', '2021-01-16 02:09:19'),
(110, 'Quos quia laboriosam.', 11, '2021-01-16 02:09:19', '2021-01-16 02:09:19'),
(111, 'Consequatur commodi.', 12, '2021-01-16 02:09:20', '2021-01-16 02:09:20'),
(112, 'Eos itaque.', 12, '2021-01-16 02:09:20', '2021-01-16 02:09:20'),
(113, 'Et assumenda debitis.', 12, '2021-01-16 02:09:20', '2021-01-16 02:09:20'),
(114, 'Mollitia sapiente dolorum.', 12, '2021-01-16 02:09:20', '2021-01-16 02:09:20'),
(115, 'Sapiente ratione.', 12, '2021-01-16 02:09:20', '2021-01-16 02:09:20'),
(116, 'Ratione qui.', 12, '2021-01-16 02:09:20', '2021-01-16 02:09:20'),
(117, 'Explicabo ipsum.', 12, '2021-01-16 02:09:20', '2021-01-16 02:09:20'),
(118, 'Qui totam dolor.', 12, '2021-01-16 02:09:20', '2021-01-16 02:09:20'),
(119, 'Dolor aut suscipit.', 12, '2021-01-16 02:09:20', '2021-01-16 02:09:20'),
(120, 'Odit quia.', 12, '2021-01-16 02:09:20', '2021-01-16 02:09:20'),
(121, 'Ut ut est.', 13, '2021-01-16 02:09:20', '2021-01-16 02:09:20'),
(122, 'Autem atque ut.', 13, '2021-01-16 02:09:20', '2021-01-16 02:09:20'),
(123, 'Magni eaque.', 13, '2021-01-16 02:09:20', '2021-01-16 02:09:20'),
(124, 'Repellendus maiores.', 13, '2021-01-16 02:09:20', '2021-01-16 02:09:20'),
(125, 'Consequatur repellat illo.', 13, '2021-01-16 02:09:20', '2021-01-16 02:09:20'),
(126, 'Soluta nulla est.', 13, '2021-01-16 02:09:20', '2021-01-16 02:09:20'),
(127, 'Qui nam assumenda.', 13, '2021-01-16 02:09:20', '2021-01-16 02:09:20'),
(128, 'Ipsam rem.', 13, '2021-01-16 02:09:20', '2021-01-16 02:09:20'),
(129, 'Harum impedit consequatur.', 13, '2021-01-16 02:09:20', '2021-01-16 02:09:20'),
(130, 'Dolore dolorem.', 13, '2021-01-16 02:09:20', '2021-01-16 02:09:20'),
(131, 'Voluptates eveniet.', 14, '2021-01-16 02:09:20', '2021-01-16 02:09:20'),
(132, 'Ab placeat ea.', 14, '2021-01-16 02:09:20', '2021-01-16 02:09:20'),
(133, 'Et repudiandae modi.', 14, '2021-01-16 02:09:20', '2021-01-16 02:09:20'),
(134, 'Corporis occaecati amet.', 14, '2021-01-16 02:09:20', '2021-01-16 02:09:20'),
(135, 'Non atque neque.', 14, '2021-01-16 02:09:20', '2021-01-16 02:09:20'),
(136, 'Excepturi doloribus illo.', 14, '2021-01-16 02:09:21', '2021-01-16 02:09:21'),
(137, 'Accusamus sint.', 14, '2021-01-16 02:09:21', '2021-01-16 02:09:21'),
(138, 'Et suscipit.', 14, '2021-01-16 02:09:21', '2021-01-16 02:09:21'),
(139, 'Accusamus mollitia.', 14, '2021-01-16 02:09:21', '2021-01-16 02:09:21'),
(140, 'Quis eum ea.', 14, '2021-01-16 02:09:21', '2021-01-16 02:09:21'),
(141, 'Unde repellendus et.', 15, '2021-01-16 02:09:21', '2021-01-16 02:09:21'),
(142, 'Cupiditate distinctio perspiciatis.', 15, '2021-01-16 02:09:21', '2021-01-16 02:09:21'),
(143, 'Sunt maxime.', 15, '2021-01-16 02:09:21', '2021-01-16 02:09:21'),
(144, 'Dicta quod.', 15, '2021-01-16 02:09:21', '2021-01-16 02:09:21'),
(145, 'Temporibus eveniet.', 15, '2021-01-16 02:09:21', '2021-01-16 02:09:21'),
(146, 'Et suscipit.', 15, '2021-01-16 02:09:21', '2021-01-16 02:09:21'),
(147, 'Non corporis.', 15, '2021-01-16 02:09:21', '2021-01-16 02:09:21'),
(148, 'Occaecati et id.', 15, '2021-01-16 02:09:21', '2021-01-16 02:09:21'),
(149, 'Tempora nam eveniet.', 15, '2021-01-16 02:09:21', '2021-01-16 02:09:21'),
(150, 'Autem distinctio mollitia.', 15, '2021-01-16 02:09:21', '2021-01-16 02:09:21'),
(151, 'Maiores non dolor.', 16, '2021-01-16 02:09:21', '2021-01-16 02:09:21'),
(152, 'Id voluptatum laborum.', 16, '2021-01-16 02:09:21', '2021-01-16 02:09:21'),
(153, 'Sint ut voluptas.', 16, '2021-01-16 02:09:21', '2021-01-16 02:09:21'),
(154, 'Qui voluptatibus qui.', 16, '2021-01-16 02:09:21', '2021-01-16 02:09:21'),
(155, 'Quos quas.', 16, '2021-01-16 02:09:21', '2021-01-16 02:09:21'),
(156, 'Sapiente impedit quisquam.', 16, '2021-01-16 02:09:21', '2021-01-16 02:09:21'),
(157, 'Est facilis corporis.', 16, '2021-01-16 02:09:21', '2021-01-16 02:09:21'),
(158, 'Nihil ullam.', 16, '2021-01-16 02:09:21', '2021-01-16 02:09:21'),
(159, 'Dolores commodi nisi.', 16, '2021-01-16 02:09:21', '2021-01-16 02:09:21'),
(160, 'Suscipit error eligendi.', 16, '2021-01-16 02:09:22', '2021-01-16 02:09:22'),
(161, 'Doloribus blanditiis.', 17, '2021-01-16 02:09:22', '2021-01-16 02:09:22'),
(162, 'Sint architecto culpa.', 17, '2021-01-16 02:09:22', '2021-01-16 02:09:22'),
(163, 'Odit magni et.', 17, '2021-01-16 02:09:22', '2021-01-16 02:09:22'),
(164, 'Atque cum.', 17, '2021-01-16 02:09:22', '2021-01-16 02:09:22'),
(165, 'A hic iusto.', 17, '2021-01-16 02:09:22', '2021-01-16 02:09:22'),
(166, 'Sint quam ea.', 17, '2021-01-16 02:09:22', '2021-01-16 02:09:22'),
(167, 'Incidunt facere minima.', 17, '2021-01-16 02:09:22', '2021-01-16 02:09:22'),
(168, 'Ut non dolorem.', 17, '2021-01-16 02:09:22', '2021-01-16 02:09:22'),
(169, 'Est dolores.', 17, '2021-01-16 02:09:22', '2021-01-16 02:09:22'),
(170, 'Voluptate non.', 17, '2021-01-16 02:09:22', '2021-01-16 02:09:22'),
(171, 'Animi corrupti in.', 18, '2021-01-16 02:09:22', '2021-01-16 02:09:22'),
(172, 'Praesentium perferendis excepturi.', 18, '2021-01-16 02:09:22', '2021-01-16 02:09:22'),
(173, 'Omnis et.', 18, '2021-01-16 02:09:22', '2021-01-16 02:09:22'),
(174, 'Eos quia.', 18, '2021-01-16 02:09:22', '2021-01-16 02:09:22'),
(175, 'Saepe molestias quia.', 18, '2021-01-16 02:09:22', '2021-01-16 02:09:22'),
(176, 'Assumenda accusamus.', 18, '2021-01-16 02:09:22', '2021-01-16 02:09:22'),
(177, 'Autem dolorem at.', 18, '2021-01-16 02:09:22', '2021-01-16 02:09:22'),
(178, 'Magni occaecati incidunt.', 18, '2021-01-16 02:09:22', '2021-01-16 02:09:22'),
(179, 'Rem autem.', 18, '2021-01-16 02:09:22', '2021-01-16 02:09:22'),
(180, 'Ullam modi aliquam.', 18, '2021-01-16 02:09:23', '2021-01-16 02:09:23'),
(181, 'Quia perspiciatis rerum.', 19, '2021-01-16 02:09:23', '2021-01-16 02:09:23'),
(182, 'Dolores cumque molestiae.', 19, '2021-01-16 02:09:23', '2021-01-16 02:09:23'),
(183, 'At dolores quisquam.', 19, '2021-01-16 02:09:23', '2021-01-16 02:09:23'),
(184, 'Sed necessitatibus magnam.', 19, '2021-01-16 02:09:23', '2021-01-16 02:09:23'),
(185, 'Soluta quas.', 19, '2021-01-16 02:09:23', '2021-01-16 02:09:23'),
(186, 'Eum facere.', 19, '2021-01-16 02:09:23', '2021-01-16 02:09:23'),
(187, 'Cupiditate est.', 19, '2021-01-16 02:09:23', '2021-01-16 02:09:23'),
(188, 'Dolorem iusto.', 19, '2021-01-16 02:09:23', '2021-01-16 02:09:23'),
(189, 'Molestiae velit dolore.', 19, '2021-01-16 02:09:23', '2021-01-16 02:09:23'),
(190, 'Voluptatem placeat.', 19, '2021-01-16 02:09:23', '2021-01-16 02:09:23'),
(191, 'Inventore labore.', 20, '2021-01-16 02:09:23', '2021-01-16 02:09:23'),
(192, 'Mollitia beatae sit.', 20, '2021-01-16 02:09:23', '2021-01-16 02:09:23'),
(193, 'Explicabo est ex.', 20, '2021-01-16 02:09:23', '2021-01-16 02:09:23'),
(194, 'Qui incidunt.', 20, '2021-01-16 02:09:23', '2021-01-16 02:09:23'),
(195, 'Minima praesentium earum.', 20, '2021-01-16 02:09:23', '2021-01-16 02:09:23'),
(196, 'Voluptas veritatis incidunt.', 20, '2021-01-16 02:09:23', '2021-01-16 02:09:23'),
(197, 'Facilis est.', 20, '2021-01-16 02:09:23', '2021-01-16 02:09:23'),
(198, 'Voluptatem fuga aut.', 20, '2021-01-16 02:09:23', '2021-01-16 02:09:23'),
(199, 'Quos amet delectus.', 20, '2021-01-16 02:09:23', '2021-01-16 02:09:23'),
(200, 'Repellendus ducimus.', 20, '2021-01-16 02:09:23', '2021-01-16 02:09:23'),
(201, 'Aperiam non.', 21, '2021-01-16 02:09:24', '2021-01-16 02:09:24'),
(202, 'Iure ut.', 21, '2021-01-16 02:09:24', '2021-01-16 02:09:24'),
(203, 'Qui inventore ut.', 21, '2021-01-16 02:09:24', '2021-01-16 02:09:24'),
(204, 'Et qui.', 21, '2021-01-16 02:09:24', '2021-01-16 02:09:24'),
(205, 'Exercitationem vel.', 21, '2021-01-16 02:09:24', '2021-01-16 02:09:24'),
(206, 'Enim occaecati aut.', 21, '2021-01-16 02:09:24', '2021-01-16 02:09:24'),
(207, 'Sunt ex.', 21, '2021-01-16 02:09:24', '2021-01-16 02:09:24'),
(208, 'Recusandae illum nostrum.', 21, '2021-01-16 02:09:24', '2021-01-16 02:09:24'),
(209, 'Error corrupti qui.', 21, '2021-01-16 02:09:25', '2021-01-16 02:09:25'),
(210, 'Quia quibusdam rerum.', 21, '2021-01-16 02:09:25', '2021-01-16 02:09:25'),
(211, 'Voluptas qui et.', 22, '2021-01-16 02:09:25', '2021-01-16 02:09:25'),
(212, 'Amet voluptatem.', 22, '2021-01-16 02:09:25', '2021-01-16 02:09:25'),
(213, 'Rem qui occaecati.', 22, '2021-01-16 02:09:25', '2021-01-16 02:09:25'),
(214, 'Quam facilis necessitatibus.', 22, '2021-01-16 02:09:25', '2021-01-16 02:09:25'),
(215, 'Esse et.', 22, '2021-01-16 02:09:25', '2021-01-16 02:09:25'),
(216, 'Quia nihil.', 22, '2021-01-16 02:09:25', '2021-01-16 02:09:25'),
(217, 'Sequi ab aut.', 22, '2021-01-16 02:09:25', '2021-01-16 02:09:25'),
(218, 'Omnis impedit qui.', 22, '2021-01-16 02:09:25', '2021-01-16 02:09:25'),
(219, 'Totam autem.', 22, '2021-01-16 02:09:25', '2021-01-16 02:09:25'),
(220, 'Expedita sunt nulla.', 22, '2021-01-16 02:09:25', '2021-01-16 02:09:25'),
(221, 'Eum quo.', 23, '2021-01-16 02:09:25', '2021-01-16 02:09:25'),
(222, 'Ipsa voluptatibus expedita.', 23, '2021-01-16 02:09:25', '2021-01-16 02:09:25'),
(223, 'Iste provident.', 23, '2021-01-16 02:09:25', '2021-01-16 02:09:25'),
(224, 'Est animi aut.', 23, '2021-01-16 02:09:25', '2021-01-16 02:09:25'),
(225, 'Illo fugiat.', 23, '2021-01-16 02:09:25', '2021-01-16 02:09:25'),
(226, 'Dolorem nisi.', 23, '2021-01-16 02:09:25', '2021-01-16 02:09:25'),
(227, 'Molestiae possimus.', 23, '2021-01-16 02:09:25', '2021-01-16 02:09:25'),
(228, 'Et culpa facere.', 23, '2021-01-16 02:09:25', '2021-01-16 02:09:25'),
(229, 'Dolore quae id.', 23, '2021-01-16 02:09:25', '2021-01-16 02:09:25'),
(230, 'Mollitia expedita quidem.', 23, '2021-01-16 02:09:25', '2021-01-16 02:09:25'),
(231, 'Corporis omnis.', 24, '2021-01-16 02:09:25', '2021-01-16 02:09:25'),
(232, 'Debitis qui non.', 24, '2021-01-16 02:09:25', '2021-01-16 02:09:25'),
(233, 'Velit repellendus eius.', 24, '2021-01-16 02:09:25', '2021-01-16 02:09:25'),
(234, 'Molestiae esse.', 24, '2021-01-16 02:09:25', '2021-01-16 02:09:25'),
(235, 'Nobis repellendus est.', 24, '2021-01-16 02:09:26', '2021-01-16 02:09:26'),
(236, 'Voluptatibus sed et.', 24, '2021-01-16 02:09:26', '2021-01-16 02:09:26'),
(237, 'Sed saepe fuga.', 24, '2021-01-16 02:09:26', '2021-01-16 02:09:26'),
(238, 'Pariatur mollitia.', 24, '2021-01-16 02:09:26', '2021-01-16 02:09:26'),
(239, 'Dolores veniam non.', 24, '2021-01-16 02:09:26', '2021-01-16 02:09:26'),
(240, 'Iusto sed porro.', 24, '2021-01-16 02:09:26', '2021-01-16 02:09:26'),
(241, 'Reiciendis magnam aut.', 25, '2021-01-16 02:09:26', '2021-01-16 02:09:26'),
(242, 'Ut qui.', 25, '2021-01-16 02:09:26', '2021-01-16 02:09:26'),
(243, 'Similique quos.', 25, '2021-01-16 02:09:26', '2021-01-16 02:09:26'),
(244, 'Laborum qui.', 25, '2021-01-16 02:09:26', '2021-01-16 02:09:26'),
(245, 'Et officiis quas.', 25, '2021-01-16 02:09:26', '2021-01-16 02:09:26'),
(246, 'Non totam magnam.', 25, '2021-01-16 02:09:26', '2021-01-16 02:09:26'),
(247, 'Distinctio et consequatur.', 25, '2021-01-16 02:09:26', '2021-01-16 02:09:26'),
(248, 'Non nesciunt.', 25, '2021-01-16 02:09:26', '2021-01-16 02:09:26'),
(249, 'In non.', 25, '2021-01-16 02:09:26', '2021-01-16 02:09:26'),
(250, 'Dolorem enim blanditiis.', 25, '2021-01-16 02:09:26', '2021-01-16 02:09:26'),
(251, 'Culpa expedita.', 26, '2021-01-16 02:09:26', '2021-01-16 02:09:26'),
(252, 'Necessitatibus quia quaerat.', 26, '2021-01-16 02:09:26', '2021-01-16 02:09:26'),
(253, 'Ratione ut aperiam.', 26, '2021-01-16 02:09:26', '2021-01-16 02:09:26'),
(254, 'Possimus tenetur.', 26, '2021-01-16 02:09:26', '2021-01-16 02:09:26'),
(255, 'Cumque incidunt.', 26, '2021-01-16 02:09:26', '2021-01-16 02:09:26'),
(256, 'Eaque commodi quia.', 26, '2021-01-16 02:09:26', '2021-01-16 02:09:26'),
(257, 'Sapiente cumque aut.', 26, '2021-01-16 02:09:26', '2021-01-16 02:09:26'),
(258, 'Et molestias repellendus.', 26, '2021-01-16 02:09:26', '2021-01-16 02:09:26'),
(259, 'Blanditiis quidem ipsum.', 26, '2021-01-16 02:09:27', '2021-01-16 02:09:27'),
(260, 'Pariatur a.', 26, '2021-01-16 02:09:27', '2021-01-16 02:09:27'),
(261, 'Cum dolorem.', 27, '2021-01-16 02:09:27', '2021-01-16 02:09:27'),
(262, 'Velit sapiente.', 27, '2021-01-16 02:09:27', '2021-01-16 02:09:27'),
(263, 'Nisi at.', 27, '2021-01-16 02:09:27', '2021-01-16 02:09:27'),
(264, 'Sed quidem.', 27, '2021-01-16 02:09:27', '2021-01-16 02:09:27'),
(265, 'Recusandae est.', 27, '2021-01-16 02:09:27', '2021-01-16 02:09:27'),
(266, 'Voluptatem voluptatem.', 27, '2021-01-16 02:09:27', '2021-01-16 02:09:27'),
(267, 'Culpa porro nihil.', 27, '2021-01-16 02:09:27', '2021-01-16 02:09:27'),
(268, 'Amet eum.', 27, '2021-01-16 02:09:27', '2021-01-16 02:09:27'),
(269, 'Minus quia.', 27, '2021-01-16 02:09:27', '2021-01-16 02:09:27'),
(270, 'Sunt sint nobis.', 27, '2021-01-16 02:09:27', '2021-01-16 02:09:27'),
(271, 'Iste voluptates.', 28, '2021-01-16 02:09:27', '2021-01-16 02:09:27'),
(272, 'Rerum nam aliquid.', 28, '2021-01-16 02:09:27', '2021-01-16 02:09:27'),
(273, 'Tempore qui consequuntur.', 28, '2021-01-16 02:09:27', '2021-01-16 02:09:27'),
(274, 'Ut enim.', 28, '2021-01-16 02:09:27', '2021-01-16 02:09:27'),
(275, 'Esse ut.', 28, '2021-01-16 02:09:27', '2021-01-16 02:09:27'),
(276, 'Eligendi neque.', 28, '2021-01-16 02:09:27', '2021-01-16 02:09:27'),
(277, 'Eum rerum.', 28, '2021-01-16 02:09:27', '2021-01-16 02:09:27'),
(278, 'Nihil maiores.', 28, '2021-01-16 02:09:27', '2021-01-16 02:09:27'),
(279, 'Id mollitia.', 28, '2021-01-16 02:09:27', '2021-01-16 02:09:27'),
(280, 'Aliquid dolore qui.', 28, '2021-01-16 02:09:27', '2021-01-16 02:09:27'),
(281, 'Molestiae vitae.', 29, '2021-01-16 02:09:28', '2021-01-16 02:09:28'),
(282, 'Ut unde.', 29, '2021-01-16 02:09:28', '2021-01-16 02:09:28'),
(283, 'Provident illo.', 29, '2021-01-16 02:09:28', '2021-01-16 02:09:28'),
(284, 'Dolorum et debitis.', 29, '2021-01-16 02:09:28', '2021-01-16 02:09:28'),
(285, 'Est facilis quos.', 29, '2021-01-16 02:09:28', '2021-01-16 02:09:28'),
(286, 'Explicabo delectus inventore.', 29, '2021-01-16 02:09:28', '2021-01-16 02:09:28'),
(287, 'Atque optio voluptatem.', 29, '2021-01-16 02:09:28', '2021-01-16 02:09:28'),
(288, 'Velit inventore totam.', 29, '2021-01-16 02:09:28', '2021-01-16 02:09:28'),
(289, 'Eos libero nihil.', 29, '2021-01-16 02:09:28', '2021-01-16 02:09:28'),
(290, 'Doloribus ducimus.', 29, '2021-01-16 02:09:28', '2021-01-16 02:09:28'),
(291, 'Est modi.', 30, '2021-01-16 02:09:28', '2021-01-16 02:09:28'),
(292, 'Ad aut odit.', 30, '2021-01-16 02:09:28', '2021-01-16 02:09:28'),
(293, 'Quas ut consequuntur.', 30, '2021-01-16 02:09:28', '2021-01-16 02:09:28'),
(294, 'Et autem.', 30, '2021-01-16 02:09:28', '2021-01-16 02:09:28'),
(295, 'Recusandae minus.', 30, '2021-01-16 02:09:28', '2021-01-16 02:09:28'),
(296, 'Deserunt tempora eos.', 30, '2021-01-16 02:09:29', '2021-01-16 02:09:29'),
(297, 'Qui et aspernatur.', 30, '2021-01-16 02:09:29', '2021-01-16 02:09:29'),
(298, 'Eveniet fugit.', 30, '2021-01-16 02:09:29', '2021-01-16 02:09:29'),
(299, 'Ipsa tenetur veniam.', 30, '2021-01-16 02:09:29', '2021-01-16 02:09:29'),
(300, 'Asperiores dicta.', 30, '2021-01-16 02:09:29', '2021-01-16 02:09:29'),
(301, 'Voluptatem sed.', 31, '2021-01-16 02:09:29', '2021-01-16 02:09:29'),
(302, 'Laborum quia ducimus.', 31, '2021-01-16 02:09:30', '2021-01-16 02:09:30'),
(303, 'Facere omnis.', 31, '2021-01-16 02:09:30', '2021-01-16 02:09:30'),
(304, 'Non animi.', 31, '2021-01-16 02:09:30', '2021-01-16 02:09:30'),
(305, 'In vero.', 31, '2021-01-16 02:09:30', '2021-01-16 02:09:30'),
(306, 'Placeat animi odio.', 31, '2021-01-16 02:09:30', '2021-01-16 02:09:30'),
(307, 'Est impedit ipsam.', 31, '2021-01-16 02:09:30', '2021-01-16 02:09:30'),
(308, 'Odio voluptate.', 31, '2021-01-16 02:09:30', '2021-01-16 02:09:30'),
(309, 'Impedit sed dolorem.', 31, '2021-01-16 02:09:30', '2021-01-16 02:09:30'),
(310, 'Quis eligendi reprehenderit.', 31, '2021-01-16 02:09:30', '2021-01-16 02:09:30'),
(311, 'In aut.', 32, '2021-01-16 02:09:30', '2021-01-16 02:09:30'),
(312, 'Aliquam quo.', 32, '2021-01-16 02:09:30', '2021-01-16 02:09:30'),
(313, 'Sed distinctio magni.', 32, '2021-01-16 02:09:30', '2021-01-16 02:09:30'),
(314, 'Expedita qui.', 32, '2021-01-16 02:09:30', '2021-01-16 02:09:30'),
(315, 'Suscipit incidunt.', 32, '2021-01-16 02:09:30', '2021-01-16 02:09:30'),
(316, 'Dicta rerum nisi.', 32, '2021-01-16 02:09:30', '2021-01-16 02:09:30'),
(317, 'Et quia.', 32, '2021-01-16 02:09:30', '2021-01-16 02:09:30'),
(318, 'Quia est.', 32, '2021-01-16 02:09:30', '2021-01-16 02:09:30'),
(319, 'Praesentium veritatis.', 32, '2021-01-16 02:09:30', '2021-01-16 02:09:30'),
(320, 'Voluptatum praesentium.', 32, '2021-01-16 02:09:30', '2021-01-16 02:09:30'),
(321, 'Voluptatem qui eligendi.', 33, '2021-01-16 02:09:30', '2021-01-16 02:09:30'),
(322, 'Autem earum.', 33, '2021-01-16 02:09:30', '2021-01-16 02:09:30'),
(323, 'Voluptatibus expedita.', 33, '2021-01-16 02:09:30', '2021-01-16 02:09:30'),
(324, 'Nisi et modi.', 33, '2021-01-16 02:09:30', '2021-01-16 02:09:30'),
(325, 'Sequi est.', 33, '2021-01-16 02:09:30', '2021-01-16 02:09:30'),
(326, 'Aut recusandae aut.', 33, '2021-01-16 02:09:30', '2021-01-16 02:09:30'),
(327, 'Unde et rerum.', 33, '2021-01-16 02:09:30', '2021-01-16 02:09:30'),
(328, 'Laudantium temporibus.', 33, '2021-01-16 02:09:30', '2021-01-16 02:09:30'),
(329, 'Fugiat mollitia.', 33, '2021-01-16 02:09:31', '2021-01-16 02:09:31'),
(330, 'Nihil veniam nam.', 33, '2021-01-16 02:09:31', '2021-01-16 02:09:31'),
(331, 'Vel aliquid reprehenderit.', 34, '2021-01-16 02:09:31', '2021-01-16 02:09:31'),
(332, 'Explicabo aut corrupti.', 34, '2021-01-16 02:09:31', '2021-01-16 02:09:31'),
(333, 'Facere nesciunt labore.', 34, '2021-01-16 02:09:31', '2021-01-16 02:09:31'),
(334, 'Quia nesciunt.', 34, '2021-01-16 02:09:31', '2021-01-16 02:09:31'),
(335, 'Nihil sapiente.', 34, '2021-01-16 02:09:31', '2021-01-16 02:09:31'),
(336, 'At sit.', 34, '2021-01-16 02:09:31', '2021-01-16 02:09:31'),
(337, 'Qui modi.', 34, '2021-01-16 02:09:31', '2021-01-16 02:09:31'),
(338, 'Dolor tenetur.', 34, '2021-01-16 02:09:31', '2021-01-16 02:09:31'),
(339, 'Soluta tempora voluptatem.', 34, '2021-01-16 02:09:31', '2021-01-16 02:09:31'),
(340, 'Omnis aut vitae.', 34, '2021-01-16 02:09:31', '2021-01-16 02:09:31'),
(341, 'Et amet ex.', 35, '2021-01-16 02:09:31', '2021-01-16 02:09:31'),
(342, 'Magni praesentium nam.', 35, '2021-01-16 02:09:31', '2021-01-16 02:09:31'),
(343, 'Facilis nihil.', 35, '2021-01-16 02:09:31', '2021-01-16 02:09:31'),
(344, 'Similique tenetur.', 35, '2021-01-16 02:09:31', '2021-01-16 02:09:31'),
(345, 'Beatae a.', 35, '2021-01-16 02:09:31', '2021-01-16 02:09:31'),
(346, 'Officiis qui.', 35, '2021-01-16 02:09:31', '2021-01-16 02:09:31'),
(347, 'Quae natus.', 35, '2021-01-16 02:09:31', '2021-01-16 02:09:31'),
(348, 'Reiciendis id officia.', 35, '2021-01-16 02:09:31', '2021-01-16 02:09:31'),
(349, 'Fuga accusantium.', 35, '2021-01-16 02:09:31', '2021-01-16 02:09:31'),
(350, 'Vel vel in.', 35, '2021-01-16 02:09:31', '2021-01-16 02:09:31'),
(351, 'Tempora ea.', 36, '2021-01-16 02:09:32', '2021-01-16 02:09:32'),
(352, 'Qui nulla.', 36, '2021-01-16 02:09:32', '2021-01-16 02:09:32'),
(353, 'Qui qui.', 36, '2021-01-16 02:09:32', '2021-01-16 02:09:32'),
(354, 'Doloribus numquam.', 36, '2021-01-16 02:09:32', '2021-01-16 02:09:32'),
(355, 'Omnis sint qui.', 36, '2021-01-16 02:09:32', '2021-01-16 02:09:32'),
(356, 'Cum similique blanditiis.', 36, '2021-01-16 02:09:32', '2021-01-16 02:09:32'),
(357, 'Et est.', 36, '2021-01-16 02:09:32', '2021-01-16 02:09:32'),
(358, 'Ut quidem.', 36, '2021-01-16 02:09:32', '2021-01-16 02:09:32'),
(359, 'Quas omnis.', 36, '2021-01-16 02:09:32', '2021-01-16 02:09:32'),
(360, 'Aut ut.', 36, '2021-01-16 02:09:32', '2021-01-16 02:09:32'),
(361, 'Cupiditate omnis.', 37, '2021-01-16 02:09:32', '2021-01-16 02:09:32'),
(362, 'Molestiae omnis iste.', 37, '2021-01-16 02:09:32', '2021-01-16 02:09:32'),
(363, 'Aperiam ullam.', 37, '2021-01-16 02:09:32', '2021-01-16 02:09:32'),
(364, 'Qui rerum omnis.', 37, '2021-01-16 02:09:32', '2021-01-16 02:09:32'),
(365, 'Ab quas.', 37, '2021-01-16 02:09:32', '2021-01-16 02:09:32'),
(366, 'Qui aspernatur dolorum.', 37, '2021-01-16 02:09:32', '2021-01-16 02:09:32'),
(367, 'Sit ducimus.', 37, '2021-01-16 02:09:32', '2021-01-16 02:09:32'),
(368, 'Fugit odio hic.', 37, '2021-01-16 02:09:32', '2021-01-16 02:09:32'),
(369, 'Doloribus reiciendis voluptatem.', 37, '2021-01-16 02:09:32', '2021-01-16 02:09:32'),
(370, 'Laudantium deserunt ea.', 37, '2021-01-16 02:09:32', '2021-01-16 02:09:32'),
(371, 'Consequuntur et cupiditate.', 38, '2021-01-16 02:09:32', '2021-01-16 02:09:32'),
(372, 'Rem cupiditate omnis.', 38, '2021-01-16 02:09:33', '2021-01-16 02:09:33'),
(373, 'Ab et consequatur.', 38, '2021-01-16 02:09:33', '2021-01-16 02:09:33'),
(374, 'Aut aut fugiat.', 38, '2021-01-16 02:09:33', '2021-01-16 02:09:33'),
(375, 'Veritatis ad.', 38, '2021-01-16 02:09:33', '2021-01-16 02:09:33'),
(376, 'Et maxime quam.', 38, '2021-01-16 02:09:33', '2021-01-16 02:09:33'),
(377, 'Incidunt odio.', 38, '2021-01-16 02:09:33', '2021-01-16 02:09:33'),
(378, 'Et qui.', 38, '2021-01-16 02:09:33', '2021-01-16 02:09:33'),
(379, 'Qui distinctio.', 38, '2021-01-16 02:09:33', '2021-01-16 02:09:33'),
(380, 'Velit veritatis.', 38, '2021-01-16 02:09:33', '2021-01-16 02:09:33'),
(381, 'Occaecati est.', 39, '2021-01-16 02:09:33', '2021-01-16 02:09:33'),
(382, 'Autem id.', 39, '2021-01-16 02:09:33', '2021-01-16 02:09:33'),
(383, 'Ab voluptate dignissimos.', 39, '2021-01-16 02:09:33', '2021-01-16 02:09:33'),
(384, 'Dolor enim.', 39, '2021-01-16 02:09:33', '2021-01-16 02:09:33'),
(385, 'Consequuntur id.', 39, '2021-01-16 02:09:33', '2021-01-16 02:09:33'),
(386, 'Qui cupiditate at.', 39, '2021-01-16 02:09:33', '2021-01-16 02:09:33'),
(387, 'Eos eum non.', 39, '2021-01-16 02:09:33', '2021-01-16 02:09:33'),
(388, 'Molestiae quaerat laudantium.', 39, '2021-01-16 02:09:33', '2021-01-16 02:09:33'),
(389, 'Illo eveniet ut.', 39, '2021-01-16 02:09:33', '2021-01-16 02:09:33'),
(390, 'Quisquam vel.', 39, '2021-01-16 02:09:33', '2021-01-16 02:09:33'),
(391, 'Numquam ipsum praesentium.', 40, '2021-01-16 02:09:33', '2021-01-16 02:09:33'),
(392, 'Dolores alias.', 40, '2021-01-16 02:09:33', '2021-01-16 02:09:33'),
(393, 'Et pariatur.', 40, '2021-01-16 02:09:33', '2021-01-16 02:09:33'),
(394, 'Et qui.', 40, '2021-01-16 02:09:33', '2021-01-16 02:09:33'),
(395, 'Distinctio ducimus.', 40, '2021-01-16 02:09:33', '2021-01-16 02:09:33'),
(396, 'Accusamus reprehenderit.', 40, '2021-01-16 02:09:33', '2021-01-16 02:09:33'),
(397, 'Velit reiciendis fuga.', 40, '2021-01-16 02:09:33', '2021-01-16 02:09:33'),
(398, 'Aut quas.', 40, '2021-01-16 02:09:33', '2021-01-16 02:09:33'),
(399, 'Porro laboriosam numquam.', 40, '2021-01-16 02:09:34', '2021-01-16 02:09:34'),
(400, 'Eos sit voluptas.', 40, '2021-01-16 02:09:34', '2021-01-16 02:09:34'),
(401, 'Aut voluptas voluptas.', 41, '2021-01-16 02:09:35', '2021-01-16 02:09:35'),
(402, 'Voluptatum similique.', 41, '2021-01-16 02:09:35', '2021-01-16 02:09:35'),
(403, 'Odit expedita.', 41, '2021-01-16 02:09:35', '2021-01-16 02:09:35'),
(404, 'Voluptas est.', 41, '2021-01-16 02:09:35', '2021-01-16 02:09:35'),
(405, 'Et asperiores.', 41, '2021-01-16 02:09:35', '2021-01-16 02:09:35'),
(406, 'Perspiciatis est.', 41, '2021-01-16 02:09:35', '2021-01-16 02:09:35'),
(407, 'Earum officia.', 41, '2021-01-16 02:09:35', '2021-01-16 02:09:35'),
(408, 'Distinctio ex.', 41, '2021-01-16 02:09:35', '2021-01-16 02:09:35'),
(409, 'Exercitationem facere recusandae.', 41, '2021-01-16 02:09:35', '2021-01-16 02:09:35'),
(410, 'Sed fugit rerum.', 41, '2021-01-16 02:09:35', '2021-01-16 02:09:35'),
(411, 'Quibusdam omnis.', 42, '2021-01-16 02:09:35', '2021-01-16 02:09:35'),
(412, 'Facilis reprehenderit ab.', 42, '2021-01-16 02:09:35', '2021-01-16 02:09:35'),
(413, 'Et hic eius.', 42, '2021-01-16 02:09:35', '2021-01-16 02:09:35'),
(414, 'Inventore at.', 42, '2021-01-16 02:09:35', '2021-01-16 02:09:35'),
(415, 'Modi delectus dolore.', 42, '2021-01-16 02:09:35', '2021-01-16 02:09:35'),
(416, 'Vel dolorem voluptatibus.', 42, '2021-01-16 02:09:35', '2021-01-16 02:09:35'),
(417, 'Et fugiat.', 42, '2021-01-16 02:09:35', '2021-01-16 02:09:35'),
(418, 'Ipsa nihil adipisci.', 42, '2021-01-16 02:09:35', '2021-01-16 02:09:35'),
(419, 'Sit nobis.', 42, '2021-01-16 02:09:35', '2021-01-16 02:09:35'),
(420, 'Mollitia ullam.', 42, '2021-01-16 02:09:35', '2021-01-16 02:09:35'),
(421, 'Nulla ipsum ducimus.', 43, '2021-01-16 02:09:35', '2021-01-16 02:09:35'),
(422, 'Sint odio.', 43, '2021-01-16 02:09:36', '2021-01-16 02:09:36'),
(423, 'Dignissimos qui aut.', 43, '2021-01-16 02:09:36', '2021-01-16 02:09:36'),
(424, 'Sed et.', 43, '2021-01-16 02:09:36', '2021-01-16 02:09:36'),
(425, 'Reprehenderit ut voluptatum.', 43, '2021-01-16 02:09:36', '2021-01-16 02:09:36'),
(426, 'Odit eos aperiam.', 43, '2021-01-16 02:09:36', '2021-01-16 02:09:36'),
(427, 'Sint accusamus qui.', 43, '2021-01-16 02:09:36', '2021-01-16 02:09:36'),
(428, 'Sed qui accusamus.', 43, '2021-01-16 02:09:36', '2021-01-16 02:09:36'),
(429, 'Nobis suscipit vitae.', 43, '2021-01-16 02:09:36', '2021-01-16 02:09:36'),
(430, 'Maxime et ut.', 43, '2021-01-16 02:09:36', '2021-01-16 02:09:36'),
(431, 'Iusto laboriosam.', 44, '2021-01-16 02:09:36', '2021-01-16 02:09:36'),
(432, 'Eum quo.', 44, '2021-01-16 02:09:36', '2021-01-16 02:09:36'),
(433, 'Perspiciatis alias aut.', 44, '2021-01-16 02:09:36', '2021-01-16 02:09:36'),
(434, 'Error ea cum.', 44, '2021-01-16 02:09:36', '2021-01-16 02:09:36'),
(435, 'Sed qui.', 44, '2021-01-16 02:09:36', '2021-01-16 02:09:36'),
(436, 'Eaque sunt enim.', 44, '2021-01-16 02:09:36', '2021-01-16 02:09:36'),
(437, 'Reiciendis ex.', 44, '2021-01-16 02:09:36', '2021-01-16 02:09:36'),
(438, 'Molestiae aperiam amet.', 44, '2021-01-16 02:09:36', '2021-01-16 02:09:36'),
(439, 'Dolor fugiat qui.', 44, '2021-01-16 02:09:36', '2021-01-16 02:09:36'),
(440, 'Quia incidunt.', 44, '2021-01-16 02:09:36', '2021-01-16 02:09:36'),
(441, 'Quos eius.', 45, '2021-01-16 02:09:36', '2021-01-16 02:09:36'),
(442, 'Et mollitia veritatis.', 45, '2021-01-16 02:09:36', '2021-01-16 02:09:36'),
(443, 'Vero nihil doloremque.', 45, '2021-01-16 02:09:36', '2021-01-16 02:09:36'),
(444, 'Magni odio dolorem.', 45, '2021-01-16 02:09:36', '2021-01-16 02:09:36'),
(445, 'Ducimus accusantium maiores.', 45, '2021-01-16 02:09:36', '2021-01-16 02:09:36'),
(446, 'Nulla eum dolore.', 45, '2021-01-16 02:09:36', '2021-01-16 02:09:36'),
(447, 'Vel dignissimos.', 45, '2021-01-16 02:09:36', '2021-01-16 02:09:36'),
(448, 'Odit officia nihil.', 45, '2021-01-16 02:09:37', '2021-01-16 02:09:37'),
(449, 'Eaque dolorem.', 45, '2021-01-16 02:09:37', '2021-01-16 02:09:37'),
(450, 'Aut aliquid.', 45, '2021-01-16 02:09:37', '2021-01-16 02:09:37'),
(451, 'Earum iste nesciunt.', 46, '2021-01-16 02:09:37', '2021-01-16 02:09:37'),
(452, 'Et consectetur.', 46, '2021-01-16 02:09:37', '2021-01-16 02:09:37'),
(453, 'Adipisci totam.', 46, '2021-01-16 02:09:37', '2021-01-16 02:09:37'),
(454, 'Velit consectetur.', 46, '2021-01-16 02:09:37', '2021-01-16 02:09:37'),
(455, 'Officia est ullam.', 46, '2021-01-16 02:09:37', '2021-01-16 02:09:37'),
(456, 'Sed ex ea.', 46, '2021-01-16 02:09:37', '2021-01-16 02:09:37'),
(457, 'Debitis vitae voluptate.', 46, '2021-01-16 02:09:37', '2021-01-16 02:09:37'),
(458, 'Voluptates nobis.', 46, '2021-01-16 02:09:37', '2021-01-16 02:09:37'),
(459, 'Magnam recusandae est.', 46, '2021-01-16 02:09:37', '2021-01-16 02:09:37'),
(460, 'Rerum blanditiis reiciendis.', 46, '2021-01-16 02:09:37', '2021-01-16 02:09:37'),
(461, 'Provident quis dolor.', 47, '2021-01-16 02:09:37', '2021-01-16 02:09:37'),
(462, 'At fuga.', 47, '2021-01-16 02:09:37', '2021-01-16 02:09:37'),
(463, 'Similique et.', 47, '2021-01-16 02:09:37', '2021-01-16 02:09:37'),
(464, 'Rerum labore optio.', 47, '2021-01-16 02:09:37', '2021-01-16 02:09:37'),
(465, 'Asperiores voluptas dolores.', 47, '2021-01-16 02:09:37', '2021-01-16 02:09:37'),
(466, 'Eius ut.', 47, '2021-01-16 02:09:37', '2021-01-16 02:09:37'),
(467, 'Ut similique delectus.', 47, '2021-01-16 02:09:37', '2021-01-16 02:09:37'),
(468, 'Aut fugit.', 47, '2021-01-16 02:09:37', '2021-01-16 02:09:37'),
(469, 'Molestias quia occaecati.', 47, '2021-01-16 02:09:37', '2021-01-16 02:09:37'),
(470, 'Autem numquam.', 47, '2021-01-16 02:09:37', '2021-01-16 02:09:37'),
(471, 'Expedita quaerat.', 48, '2021-01-16 02:09:38', '2021-01-16 02:09:38'),
(472, 'Aperiam omnis.', 48, '2021-01-16 02:09:38', '2021-01-16 02:09:38'),
(473, 'Dolor deserunt.', 48, '2021-01-16 02:09:38', '2021-01-16 02:09:38'),
(474, 'Consequatur voluptate.', 48, '2021-01-16 02:09:38', '2021-01-16 02:09:38'),
(475, 'Molestiae quo est.', 48, '2021-01-16 02:09:38', '2021-01-16 02:09:38'),
(476, 'Dolorem reprehenderit vero.', 48, '2021-01-16 02:09:38', '2021-01-16 02:09:38'),
(477, 'Aspernatur quidem maiores.', 48, '2021-01-16 02:09:38', '2021-01-16 02:09:38'),
(478, 'Quaerat alias facilis.', 48, '2021-01-16 02:09:38', '2021-01-16 02:09:38'),
(479, 'Nesciunt et commodi.', 48, '2021-01-16 02:09:38', '2021-01-16 02:09:38'),
(480, 'Non voluptatibus.', 48, '2021-01-16 02:09:38', '2021-01-16 02:09:38'),
(481, 'Est voluptate.', 49, '2021-01-16 02:09:38', '2021-01-16 02:09:38'),
(482, 'Dolores non id.', 49, '2021-01-16 02:09:38', '2021-01-16 02:09:38'),
(483, 'Consequatur culpa.', 49, '2021-01-16 02:09:38', '2021-01-16 02:09:38'),
(484, 'Minus omnis doloribus.', 49, '2021-01-16 02:09:38', '2021-01-16 02:09:38'),
(485, 'Sunt aut.', 49, '2021-01-16 02:09:38', '2021-01-16 02:09:38'),
(486, 'Aut eligendi.', 49, '2021-01-16 02:09:38', '2021-01-16 02:09:38'),
(487, 'Reiciendis officiis.', 49, '2021-01-16 02:09:38', '2021-01-16 02:09:38'),
(488, 'Mollitia atque.', 49, '2021-01-16 02:09:38', '2021-01-16 02:09:38'),
(489, 'Et ab sed.', 49, '2021-01-16 02:09:38', '2021-01-16 02:09:38'),
(490, 'Libero incidunt.', 49, '2021-01-16 02:09:38', '2021-01-16 02:09:38'),
(491, 'Quis quaerat.', 50, '2021-01-16 02:09:38', '2021-01-16 02:09:38'),
(492, 'Itaque architecto quo.', 50, '2021-01-16 02:09:38', '2021-01-16 02:09:38'),
(493, 'Aut ab laudantium.', 50, '2021-01-16 02:09:39', '2021-01-16 02:09:39'),
(494, 'Voluptates iure.', 50, '2021-01-16 02:09:39', '2021-01-16 02:09:39'),
(495, 'Ullam molestiae voluptas.', 50, '2021-01-16 02:09:39', '2021-01-16 02:09:39'),
(496, 'Ipsam rerum qui.', 50, '2021-01-16 02:09:39', '2021-01-16 02:09:39'),
(497, 'Magnam architecto.', 50, '2021-01-16 02:09:39', '2021-01-16 02:09:39'),
(498, 'Temporibus sint.', 50, '2021-01-16 02:09:39', '2021-01-16 02:09:39'),
(499, 'Dignissimos nihil.', 50, '2021-01-16 02:09:39', '2021-01-16 02:09:39'),
(500, 'Voluptates soluta.', 50, '2021-01-16 02:09:39', '2021-01-16 02:09:39'),
(501, 'Sequi itaque aut.', 51, '2021-01-16 02:09:39', '2021-01-16 02:09:39'),
(502, 'Ex recusandae voluptas.', 51, '2021-01-16 02:09:40', '2021-01-16 02:09:40'),
(503, 'Non est amet.', 51, '2021-01-16 02:09:40', '2021-01-16 02:09:40'),
(504, 'Ipsam non.', 51, '2021-01-16 02:09:40', '2021-01-16 02:09:40'),
(505, 'Dolorem eveniet laboriosam.', 51, '2021-01-16 02:09:40', '2021-01-16 02:09:40'),
(506, 'Omnis ut.', 51, '2021-01-16 02:09:40', '2021-01-16 02:09:40'),
(507, 'Dolorum sapiente dolorem.', 51, '2021-01-16 02:09:40', '2021-01-16 02:09:40'),
(508, 'Similique facere molestiae.', 51, '2021-01-16 02:09:40', '2021-01-16 02:09:40'),
(509, 'Sapiente fuga nostrum.', 51, '2021-01-16 02:09:40', '2021-01-16 02:09:40'),
(510, 'Ad sed est.', 51, '2021-01-16 02:09:40', '2021-01-16 02:09:40'),
(511, 'Velit quo.', 52, '2021-01-16 02:09:40', '2021-01-16 02:09:40'),
(512, 'Labore minus.', 52, '2021-01-16 02:09:40', '2021-01-16 02:09:40'),
(513, 'Deserunt tempore rerum.', 52, '2021-01-16 02:09:40', '2021-01-16 02:09:40'),
(514, 'Amet commodi sequi.', 52, '2021-01-16 02:09:40', '2021-01-16 02:09:40'),
(515, 'Fugiat omnis magni.', 52, '2021-01-16 02:09:40', '2021-01-16 02:09:40'),
(516, 'Ut voluptatum impedit.', 52, '2021-01-16 02:09:40', '2021-01-16 02:09:40'),
(517, 'Harum fugiat sit.', 52, '2021-01-16 02:09:40', '2021-01-16 02:09:40'),
(518, 'Blanditiis id earum.', 52, '2021-01-16 02:09:40', '2021-01-16 02:09:40'),
(519, 'Natus rerum sapiente.', 52, '2021-01-16 02:09:40', '2021-01-16 02:09:40'),
(520, 'Ullam tempore.', 52, '2021-01-16 02:09:40', '2021-01-16 02:09:40'),
(521, 'Velit maxime soluta.', 53, '2021-01-16 02:09:40', '2021-01-16 02:09:40'),
(522, 'Consequatur dolorem.', 53, '2021-01-16 02:09:40', '2021-01-16 02:09:40'),
(523, 'Ducimus eligendi eligendi.', 53, '2021-01-16 02:09:40', '2021-01-16 02:09:40'),
(524, 'Minima consequatur optio.', 53, '2021-01-16 02:09:41', '2021-01-16 02:09:41'),
(525, 'Dolor neque.', 53, '2021-01-16 02:09:41', '2021-01-16 02:09:41'),
(526, 'Praesentium a.', 53, '2021-01-16 02:09:41', '2021-01-16 02:09:41'),
(527, 'Aut facere.', 53, '2021-01-16 02:09:41', '2021-01-16 02:09:41'),
(528, 'Omnis perferendis aperiam.', 53, '2021-01-16 02:09:41', '2021-01-16 02:09:41'),
(529, 'Expedita praesentium suscipit.', 53, '2021-01-16 02:09:41', '2021-01-16 02:09:41'),
(530, 'At officia eum.', 53, '2021-01-16 02:09:41', '2021-01-16 02:09:41'),
(531, 'Qui et sint.', 54, '2021-01-16 02:09:41', '2021-01-16 02:09:41'),
(532, 'Exercitationem magnam ipsa.', 54, '2021-01-16 02:09:41', '2021-01-16 02:09:41'),
(533, 'Expedita veniam cum.', 54, '2021-01-16 02:09:41', '2021-01-16 02:09:41'),
(534, 'Voluptatibus facilis.', 54, '2021-01-16 02:09:41', '2021-01-16 02:09:41'),
(535, 'Quisquam quo nihil.', 54, '2021-01-16 02:09:41', '2021-01-16 02:09:41'),
(536, 'Adipisci consequatur.', 54, '2021-01-16 02:09:41', '2021-01-16 02:09:41'),
(537, 'Dolor assumenda ut.', 54, '2021-01-16 02:09:41', '2021-01-16 02:09:41'),
(538, 'Consequuntur eveniet et.', 54, '2021-01-16 02:09:41', '2021-01-16 02:09:41'),
(539, 'Ipsa itaque velit.', 54, '2021-01-16 02:09:41', '2021-01-16 02:09:41'),
(540, 'Quae minima.', 54, '2021-01-16 02:09:41', '2021-01-16 02:09:41'),
(541, 'Totam culpa dignissimos.', 55, '2021-01-16 02:09:41', '2021-01-16 02:09:41'),
(542, 'Fuga ut.', 55, '2021-01-16 02:09:41', '2021-01-16 02:09:41'),
(543, 'Quia architecto.', 55, '2021-01-16 02:09:41', '2021-01-16 02:09:41'),
(544, 'Nisi occaecati.', 55, '2021-01-16 02:09:41', '2021-01-16 02:09:41'),
(545, 'Iusto a quas.', 55, '2021-01-16 02:09:41', '2021-01-16 02:09:41'),
(546, 'Qui dignissimos illo.', 55, '2021-01-16 02:09:41', '2021-01-16 02:09:41'),
(547, 'Consequuntur animi rerum.', 55, '2021-01-16 02:09:41', '2021-01-16 02:09:41'),
(548, 'Ut quo.', 55, '2021-01-16 02:09:42', '2021-01-16 02:09:42'),
(549, 'Nemo quo.', 55, '2021-01-16 02:09:42', '2021-01-16 02:09:42'),
(550, 'Enim ut nulla.', 55, '2021-01-16 02:09:42', '2021-01-16 02:09:42'),
(551, 'Est suscipit deserunt.', 56, '2021-01-16 02:09:42', '2021-01-16 02:09:42'),
(552, 'Laudantium et eos.', 56, '2021-01-16 02:09:42', '2021-01-16 02:09:42'),
(553, 'Voluptate ab vitae.', 56, '2021-01-16 02:09:42', '2021-01-16 02:09:42'),
(554, 'Quasi consequatur reprehenderit.', 56, '2021-01-16 02:09:42', '2021-01-16 02:09:42'),
(555, 'Iure sit.', 56, '2021-01-16 02:09:42', '2021-01-16 02:09:42'),
(556, 'Quisquam magnam beatae.', 56, '2021-01-16 02:09:42', '2021-01-16 02:09:42'),
(557, 'Aut eligendi tenetur.', 56, '2021-01-16 02:09:42', '2021-01-16 02:09:42'),
(558, 'Suscipit laboriosam sit.', 56, '2021-01-16 02:09:42', '2021-01-16 02:09:42'),
(559, 'Quidem aliquid.', 56, '2021-01-16 02:09:42', '2021-01-16 02:09:42'),
(560, 'Incidunt ea odio.', 56, '2021-01-16 02:09:42', '2021-01-16 02:09:42'),
(561, 'Et tempore et.', 57, '2021-01-16 02:09:42', '2021-01-16 02:09:42'),
(562, 'Et voluptates temporibus.', 57, '2021-01-16 02:09:42', '2021-01-16 02:09:42'),
(563, 'Laborum aliquid.', 57, '2021-01-16 02:09:42', '2021-01-16 02:09:42'),
(564, 'Quis eveniet.', 57, '2021-01-16 02:09:42', '2021-01-16 02:09:42'),
(565, 'Fugit dolores laborum.', 57, '2021-01-16 02:09:42', '2021-01-16 02:09:42'),
(566, 'Iste cumque aperiam.', 57, '2021-01-16 02:09:42', '2021-01-16 02:09:42'),
(567, 'Voluptatem corporis.', 57, '2021-01-16 02:09:42', '2021-01-16 02:09:42'),
(568, 'Quasi voluptas vero.', 57, '2021-01-16 02:09:42', '2021-01-16 02:09:42'),
(569, 'Et dolore quo.', 57, '2021-01-16 02:09:42', '2021-01-16 02:09:42'),
(570, 'Fugiat eveniet porro.', 57, '2021-01-16 02:09:42', '2021-01-16 02:09:42'),
(571, 'Sint recusandae labore.', 58, '2021-01-16 02:09:42', '2021-01-16 02:09:42'),
(572, 'Impedit saepe ut.', 58, '2021-01-16 02:09:42', '2021-01-16 02:09:42'),
(573, 'Consequatur quas.', 58, '2021-01-16 02:09:42', '2021-01-16 02:09:42'),
(574, 'Maxime veritatis.', 58, '2021-01-16 02:09:42', '2021-01-16 02:09:42'),
(575, 'Reiciendis quas.', 58, '2021-01-16 02:09:42', '2021-01-16 02:09:42'),
(576, 'Et illo.', 58, '2021-01-16 02:09:43', '2021-01-16 02:09:43'),
(577, 'Non consequatur esse.', 58, '2021-01-16 02:09:43', '2021-01-16 02:09:43'),
(578, 'Possimus sed adipisci.', 58, '2021-01-16 02:09:43', '2021-01-16 02:09:43'),
(579, 'Voluptatem eligendi.', 58, '2021-01-16 02:09:43', '2021-01-16 02:09:43'),
(580, 'Ea est.', 58, '2021-01-16 02:09:43', '2021-01-16 02:09:43'),
(581, 'Similique accusamus magnam.', 59, '2021-01-16 02:09:43', '2021-01-16 02:09:43'),
(582, 'Qui autem.', 59, '2021-01-16 02:09:43', '2021-01-16 02:09:43'),
(583, 'Veniam est.', 59, '2021-01-16 02:09:43', '2021-01-16 02:09:43'),
(584, 'Eaque nihil dolores.', 59, '2021-01-16 02:09:43', '2021-01-16 02:09:43'),
(585, 'Eaque cupiditate.', 59, '2021-01-16 02:09:43', '2021-01-16 02:09:43'),
(586, 'Dicta eum.', 59, '2021-01-16 02:09:43', '2021-01-16 02:09:43'),
(587, 'Rerum nesciunt.', 59, '2021-01-16 02:09:43', '2021-01-16 02:09:43'),
(588, 'Id vel.', 59, '2021-01-16 02:09:43', '2021-01-16 02:09:43'),
(589, 'Vitae sed.', 59, '2021-01-16 02:09:43', '2021-01-16 02:09:43'),
(590, 'Accusantium id.', 59, '2021-01-16 02:09:43', '2021-01-16 02:09:43'),
(591, 'Eos tempora tenetur.', 60, '2021-01-16 02:09:43', '2021-01-16 02:09:43'),
(592, 'Nam sit.', 60, '2021-01-16 02:09:43', '2021-01-16 02:09:43'),
(593, 'Officiis quia recusandae.', 60, '2021-01-16 02:09:43', '2021-01-16 02:09:43'),
(594, 'Et pariatur.', 60, '2021-01-16 02:09:43', '2021-01-16 02:09:43'),
(595, 'Et non.', 60, '2021-01-16 02:09:43', '2021-01-16 02:09:43'),
(596, 'Ducimus explicabo.', 60, '2021-01-16 02:09:43', '2021-01-16 02:09:43'),
(597, 'Quis laboriosam dolore.', 60, '2021-01-16 02:09:43', '2021-01-16 02:09:43'),
(598, 'Adipisci qui.', 60, '2021-01-16 02:09:43', '2021-01-16 02:09:43'),
(599, 'Doloribus ut consequatur.', 60, '2021-01-16 02:09:43', '2021-01-16 02:09:43'),
(600, 'Cumque consequatur et.', 60, '2021-01-16 02:09:44', '2021-01-16 02:09:44'),
(601, 'Nemo quisquam dignissimos.', 61, '2021-01-16 02:09:45', '2021-01-16 02:09:45'),
(602, 'Quisquam dicta tenetur.', 61, '2021-01-16 02:09:45', '2021-01-16 02:09:45'),
(603, 'Laudantium magnam impedit.', 61, '2021-01-16 02:09:45', '2021-01-16 02:09:45'),
(604, 'Dolor unde quia.', 61, '2021-01-16 02:09:45', '2021-01-16 02:09:45'),
(605, 'Dicta asperiores omnis.', 61, '2021-01-16 02:09:45', '2021-01-16 02:09:45'),
(606, 'Beatae impedit ratione.', 61, '2021-01-16 02:09:45', '2021-01-16 02:09:45'),
(607, 'Iste voluptatem non.', 61, '2021-01-16 02:09:45', '2021-01-16 02:09:45'),
(608, 'Nisi illo.', 61, '2021-01-16 02:09:45', '2021-01-16 02:09:45'),
(609, 'Beatae rerum facilis.', 61, '2021-01-16 02:09:45', '2021-01-16 02:09:45'),
(610, 'Et et quis.', 61, '2021-01-16 02:09:45', '2021-01-16 02:09:45'),
(611, 'Fuga optio unde.', 62, '2021-01-16 02:09:45', '2021-01-16 02:09:45'),
(612, 'Dolore aliquid.', 62, '2021-01-16 02:09:45', '2021-01-16 02:09:45'),
(613, 'Sed necessitatibus.', 62, '2021-01-16 02:09:45', '2021-01-16 02:09:45'),
(614, 'Est aut nisi.', 62, '2021-01-16 02:09:45', '2021-01-16 02:09:45'),
(615, 'Necessitatibus vel sint.', 62, '2021-01-16 02:09:45', '2021-01-16 02:09:45'),
(616, 'Placeat dolor qui.', 62, '2021-01-16 02:09:45', '2021-01-16 02:09:45'),
(617, 'Ea cum.', 62, '2021-01-16 02:09:45', '2021-01-16 02:09:45'),
(618, 'Deleniti sed aut.', 62, '2021-01-16 02:09:45', '2021-01-16 02:09:45'),
(619, 'Cupiditate sed voluptatum.', 62, '2021-01-16 02:09:45', '2021-01-16 02:09:45'),
(620, 'Cum veniam dolor.', 62, '2021-01-16 02:09:45', '2021-01-16 02:09:45'),
(621, 'Soluta reprehenderit doloribus.', 63, '2021-01-16 02:09:46', '2021-01-16 02:09:46'),
(622, 'Aliquam atque minus.', 63, '2021-01-16 02:09:46', '2021-01-16 02:09:46'),
(623, 'Fugit architecto.', 63, '2021-01-16 02:09:46', '2021-01-16 02:09:46'),
(624, 'Voluptas cum.', 63, '2021-01-16 02:09:46', '2021-01-16 02:09:46'),
(625, 'Assumenda amet.', 63, '2021-01-16 02:09:46', '2021-01-16 02:09:46'),
(626, 'Qui inventore voluptas.', 63, '2021-01-16 02:09:46', '2021-01-16 02:09:46'),
(627, 'Odit et porro.', 63, '2021-01-16 02:09:46', '2021-01-16 02:09:46'),
(628, 'Fuga eos.', 63, '2021-01-16 02:09:46', '2021-01-16 02:09:46'),
(629, 'Vel laboriosam voluptatem.', 63, '2021-01-16 02:09:46', '2021-01-16 02:09:46'),
(630, 'Quibusdam harum.', 63, '2021-01-16 02:09:46', '2021-01-16 02:09:46'),
(631, 'Harum reiciendis.', 64, '2021-01-16 02:09:46', '2021-01-16 02:09:46'),
(632, 'Aut et qui.', 64, '2021-01-16 02:09:46', '2021-01-16 02:09:46'),
(633, 'Quo officia.', 64, '2021-01-16 02:09:46', '2021-01-16 02:09:46'),
(634, 'Distinctio qui.', 64, '2021-01-16 02:09:46', '2021-01-16 02:09:46'),
(635, 'Nobis et.', 64, '2021-01-16 02:09:46', '2021-01-16 02:09:46'),
(636, 'Autem molestias aut.', 64, '2021-01-16 02:09:46', '2021-01-16 02:09:46'),
(637, 'Voluptatem et ipsam.', 64, '2021-01-16 02:09:46', '2021-01-16 02:09:46'),
(638, 'Minus placeat optio.', 64, '2021-01-16 02:09:46', '2021-01-16 02:09:46'),
(639, 'Corporis ullam.', 64, '2021-01-16 02:09:46', '2021-01-16 02:09:46'),
(640, 'Et autem ut.', 64, '2021-01-16 02:09:46', '2021-01-16 02:09:46'),
(641, 'Qui non.', 65, '2021-01-16 02:09:46', '2021-01-16 02:09:46'),
(642, 'Atque libero ipsam.', 65, '2021-01-16 02:09:46', '2021-01-16 02:09:46'),
(643, 'Dolorem totam.', 65, '2021-01-16 02:09:46', '2021-01-16 02:09:46'),
(644, 'Fugiat est porro.', 65, '2021-01-16 02:09:46', '2021-01-16 02:09:46'),
(645, 'Aut sit.', 65, '2021-01-16 02:09:46', '2021-01-16 02:09:46'),
(646, 'Et sed.', 65, '2021-01-16 02:09:46', '2021-01-16 02:09:46'),
(647, 'Accusantium qui.', 65, '2021-01-16 02:09:46', '2021-01-16 02:09:46'),
(648, 'Optio nulla dolore.', 65, '2021-01-16 02:09:46', '2021-01-16 02:09:46'),
(649, 'Inventore dolor facilis.', 65, '2021-01-16 02:09:47', '2021-01-16 02:09:47'),
(650, 'Unde dolor.', 65, '2021-01-16 02:09:47', '2021-01-16 02:09:47'),
(651, 'Quam omnis.', 66, '2021-01-16 02:09:47', '2021-01-16 02:09:47'),
(652, 'Corrupti deleniti id.', 66, '2021-01-16 02:09:47', '2021-01-16 02:09:47'),
(653, 'Est quam.', 66, '2021-01-16 02:09:47', '2021-01-16 02:09:47'),
(654, 'Quibusdam modi perspiciatis.', 66, '2021-01-16 02:09:47', '2021-01-16 02:09:47'),
(655, 'Vero quod numquam.', 66, '2021-01-16 02:09:47', '2021-01-16 02:09:47'),
(656, 'Libero sed.', 66, '2021-01-16 02:09:47', '2021-01-16 02:09:47'),
(657, 'Quaerat consequatur quis.', 66, '2021-01-16 02:09:47', '2021-01-16 02:09:47'),
(658, 'Aperiam voluptatem.', 66, '2021-01-16 02:09:47', '2021-01-16 02:09:47');
INSERT INTO `features` (`id`, `name`, `room_id`, `created_at`, `updated_at`) VALUES
(659, 'Ut vel.', 66, '2021-01-16 02:09:47', '2021-01-16 02:09:47'),
(660, 'Id soluta labore.', 66, '2021-01-16 02:09:47', '2021-01-16 02:09:47'),
(661, 'Accusantium quae voluptate.', 67, '2021-01-16 02:09:47', '2021-01-16 02:09:47'),
(662, 'Amet delectus.', 67, '2021-01-16 02:09:47', '2021-01-16 02:09:47'),
(663, 'Sed voluptatem.', 67, '2021-01-16 02:09:47', '2021-01-16 02:09:47'),
(664, 'Est cumque.', 67, '2021-01-16 02:09:47', '2021-01-16 02:09:47'),
(665, 'Voluptatibus eveniet sunt.', 67, '2021-01-16 02:09:47', '2021-01-16 02:09:47'),
(666, 'Ut voluptatum.', 67, '2021-01-16 02:09:47', '2021-01-16 02:09:47'),
(667, 'Est nesciunt.', 67, '2021-01-16 02:09:47', '2021-01-16 02:09:47'),
(668, 'Inventore mollitia veritatis.', 67, '2021-01-16 02:09:47', '2021-01-16 02:09:47'),
(669, 'Accusantium fuga aliquam.', 67, '2021-01-16 02:09:47', '2021-01-16 02:09:47'),
(670, 'Laudantium nobis.', 67, '2021-01-16 02:09:48', '2021-01-16 02:09:48'),
(671, 'Et et ipsam.', 68, '2021-01-16 02:09:48', '2021-01-16 02:09:48'),
(672, 'Voluptas aut.', 68, '2021-01-16 02:09:48', '2021-01-16 02:09:48'),
(673, 'Corrupti facilis.', 68, '2021-01-16 02:09:48', '2021-01-16 02:09:48'),
(674, 'Harum voluptas.', 68, '2021-01-16 02:09:48', '2021-01-16 02:09:48'),
(675, 'Mollitia reprehenderit.', 68, '2021-01-16 02:09:48', '2021-01-16 02:09:48'),
(676, 'Eligendi ducimus.', 68, '2021-01-16 02:09:48', '2021-01-16 02:09:48'),
(677, 'Asperiores distinctio.', 68, '2021-01-16 02:09:48', '2021-01-16 02:09:48'),
(678, 'Dolore ad.', 68, '2021-01-16 02:09:48', '2021-01-16 02:09:48'),
(679, 'Dolorem est quas.', 68, '2021-01-16 02:09:48', '2021-01-16 02:09:48'),
(680, 'Labore quam fugit.', 68, '2021-01-16 02:09:48', '2021-01-16 02:09:48'),
(681, 'Est sint.', 69, '2021-01-16 02:09:48', '2021-01-16 02:09:48'),
(682, 'Voluptate molestias dolorem.', 69, '2021-01-16 02:09:48', '2021-01-16 02:09:48'),
(683, 'Rem quo atque.', 69, '2021-01-16 02:09:48', '2021-01-16 02:09:48'),
(684, 'Sit nihil et.', 69, '2021-01-16 02:09:48', '2021-01-16 02:09:48'),
(685, 'Beatae ut.', 69, '2021-01-16 02:09:48', '2021-01-16 02:09:48'),
(686, 'Eveniet quibusdam aliquam.', 69, '2021-01-16 02:09:48', '2021-01-16 02:09:48'),
(687, 'Harum illum est.', 69, '2021-01-16 02:09:48', '2021-01-16 02:09:48'),
(688, 'Impedit rem.', 69, '2021-01-16 02:09:48', '2021-01-16 02:09:48'),
(689, 'Est est sit.', 69, '2021-01-16 02:09:48', '2021-01-16 02:09:48'),
(690, 'Exercitationem voluptate.', 69, '2021-01-16 02:09:48', '2021-01-16 02:09:48'),
(691, 'Architecto molestiae voluptatem.', 70, '2021-01-16 02:09:48', '2021-01-16 02:09:48'),
(692, 'Impedit libero et.', 70, '2021-01-16 02:09:48', '2021-01-16 02:09:48'),
(693, 'Repellat nihil magnam.', 70, '2021-01-16 02:09:48', '2021-01-16 02:09:48'),
(694, 'Architecto aliquam.', 70, '2021-01-16 02:09:49', '2021-01-16 02:09:49'),
(695, 'Et voluptatem voluptatem.', 70, '2021-01-16 02:09:49', '2021-01-16 02:09:49'),
(696, 'Ipsa vel.', 70, '2021-01-16 02:09:49', '2021-01-16 02:09:49'),
(697, 'Iste non nemo.', 70, '2021-01-16 02:09:49', '2021-01-16 02:09:49'),
(698, 'Id fugit quas.', 70, '2021-01-16 02:09:49', '2021-01-16 02:09:49'),
(699, 'Dolorem enim voluptatem.', 70, '2021-01-16 02:09:49', '2021-01-16 02:09:49'),
(700, 'Ipsam officiis impedit.', 70, '2021-01-16 02:09:49', '2021-01-16 02:09:49'),
(701, 'Maiores consequatur vero.', 71, '2021-01-16 02:09:50', '2021-01-16 02:09:50'),
(702, 'Quis dolor totam.', 71, '2021-01-16 02:09:50', '2021-01-16 02:09:50'),
(703, 'Debitis excepturi.', 71, '2021-01-16 02:09:50', '2021-01-16 02:09:50'),
(704, 'Placeat facere magnam.', 71, '2021-01-16 02:09:50', '2021-01-16 02:09:50'),
(705, 'Perferendis voluptas est.', 71, '2021-01-16 02:09:50', '2021-01-16 02:09:50'),
(706, 'Eveniet voluptate.', 71, '2021-01-16 02:09:50', '2021-01-16 02:09:50'),
(707, 'Totam illum.', 71, '2021-01-16 02:09:50', '2021-01-16 02:09:50'),
(708, 'Veritatis quis.', 71, '2021-01-16 02:09:50', '2021-01-16 02:09:50'),
(709, 'Atque quia.', 71, '2021-01-16 02:09:50', '2021-01-16 02:09:50'),
(710, 'Consequatur veritatis.', 71, '2021-01-16 02:09:50', '2021-01-16 02:09:50'),
(711, 'Aut eum vitae.', 72, '2021-01-16 02:09:50', '2021-01-16 02:09:50'),
(712, 'Vitae quo tempore.', 72, '2021-01-16 02:09:50', '2021-01-16 02:09:50'),
(713, 'Neque quae.', 72, '2021-01-16 02:09:50', '2021-01-16 02:09:50'),
(714, 'Ex et.', 72, '2021-01-16 02:09:50', '2021-01-16 02:09:50'),
(715, 'Sed et iure.', 72, '2021-01-16 02:09:50', '2021-01-16 02:09:50'),
(716, 'Commodi repellendus.', 72, '2021-01-16 02:09:50', '2021-01-16 02:09:50'),
(717, 'Nobis harum.', 72, '2021-01-16 02:09:50', '2021-01-16 02:09:50'),
(718, 'Ea rerum nobis.', 72, '2021-01-16 02:09:50', '2021-01-16 02:09:50'),
(719, 'Sequi sed.', 72, '2021-01-16 02:09:50', '2021-01-16 02:09:50'),
(720, 'Quia eligendi architecto.', 72, '2021-01-16 02:09:50', '2021-01-16 02:09:50'),
(721, 'Fuga provident error.', 73, '2021-01-16 02:09:50', '2021-01-16 02:09:50'),
(722, 'Tenetur rerum.', 73, '2021-01-16 02:09:50', '2021-01-16 02:09:50'),
(723, 'Sed repellat dolor.', 73, '2021-01-16 02:09:50', '2021-01-16 02:09:50'),
(724, 'Similique tempore sed.', 73, '2021-01-16 02:09:50', '2021-01-16 02:09:50'),
(725, 'Nam cumque rerum.', 73, '2021-01-16 02:09:50', '2021-01-16 02:09:50'),
(726, 'Dolores necessitatibus.', 73, '2021-01-16 02:09:50', '2021-01-16 02:09:50'),
(727, 'Inventore qui ut.', 73, '2021-01-16 02:09:51', '2021-01-16 02:09:51'),
(728, 'Hic aut.', 73, '2021-01-16 02:09:51', '2021-01-16 02:09:51'),
(729, 'Id nihil fugit.', 73, '2021-01-16 02:09:51', '2021-01-16 02:09:51'),
(730, 'Ullam porro blanditiis.', 73, '2021-01-16 02:09:51', '2021-01-16 02:09:51'),
(731, 'Sit cum quod.', 74, '2021-01-16 02:09:51', '2021-01-16 02:09:51'),
(732, 'Amet odio omnis.', 74, '2021-01-16 02:09:51', '2021-01-16 02:09:51'),
(733, 'Eum aut et.', 74, '2021-01-16 02:09:51', '2021-01-16 02:09:51'),
(734, 'Nulla quidem quis.', 74, '2021-01-16 02:09:51', '2021-01-16 02:09:51'),
(735, 'Molestiae dolore similique.', 74, '2021-01-16 02:09:51', '2021-01-16 02:09:51'),
(736, 'Odio qui voluptatem.', 74, '2021-01-16 02:09:51', '2021-01-16 02:09:51'),
(737, 'Quo aut.', 74, '2021-01-16 02:09:51', '2021-01-16 02:09:51'),
(738, 'Neque ratione voluptatem.', 74, '2021-01-16 02:09:51', '2021-01-16 02:09:51'),
(739, 'Sequi debitis.', 74, '2021-01-16 02:09:51', '2021-01-16 02:09:51'),
(740, 'Provident sunt repellendus.', 74, '2021-01-16 02:09:51', '2021-01-16 02:09:51'),
(741, 'Id et labore.', 75, '2021-01-16 02:09:51', '2021-01-16 02:09:51'),
(742, 'Facere nemo quia.', 75, '2021-01-16 02:09:51', '2021-01-16 02:09:51'),
(743, 'Consectetur ut odio.', 75, '2021-01-16 02:09:51', '2021-01-16 02:09:51'),
(744, 'Iusto sint occaecati.', 75, '2021-01-16 02:09:51', '2021-01-16 02:09:51'),
(745, 'Dolor quia voluptas.', 75, '2021-01-16 02:09:51', '2021-01-16 02:09:51'),
(746, 'Suscipit voluptatem.', 75, '2021-01-16 02:09:51', '2021-01-16 02:09:51'),
(747, 'Ullam commodi sed.', 75, '2021-01-16 02:09:51', '2021-01-16 02:09:51'),
(748, 'Assumenda expedita laborum.', 75, '2021-01-16 02:09:51', '2021-01-16 02:09:51'),
(749, 'Recusandae consequatur.', 75, '2021-01-16 02:09:52', '2021-01-16 02:09:52'),
(750, 'Doloribus aut.', 75, '2021-01-16 02:09:52', '2021-01-16 02:09:52'),
(751, 'Ab sint eum.', 76, '2021-01-16 02:09:52', '2021-01-16 02:09:52'),
(752, 'Dolorum harum.', 76, '2021-01-16 02:09:52', '2021-01-16 02:09:52'),
(753, 'Error quia et.', 76, '2021-01-16 02:09:52', '2021-01-16 02:09:52'),
(754, 'Sint beatae quia.', 76, '2021-01-16 02:09:52', '2021-01-16 02:09:52'),
(755, 'Ratione odio in.', 76, '2021-01-16 02:09:52', '2021-01-16 02:09:52'),
(756, 'Voluptas et.', 76, '2021-01-16 02:09:52', '2021-01-16 02:09:52'),
(757, 'Quidem ut quas.', 76, '2021-01-16 02:09:52', '2021-01-16 02:09:52'),
(758, 'Autem ut.', 76, '2021-01-16 02:09:52', '2021-01-16 02:09:52'),
(759, 'Quo deleniti.', 76, '2021-01-16 02:09:52', '2021-01-16 02:09:52'),
(760, 'Officiis corrupti voluptatem.', 76, '2021-01-16 02:09:52', '2021-01-16 02:09:52'),
(761, 'Autem aut placeat.', 77, '2021-01-16 02:09:52', '2021-01-16 02:09:52'),
(762, 'Eligendi necessitatibus delectus.', 77, '2021-01-16 02:09:52', '2021-01-16 02:09:52'),
(763, 'Quia veniam.', 77, '2021-01-16 02:09:52', '2021-01-16 02:09:52'),
(764, 'Voluptates illum.', 77, '2021-01-16 02:09:52', '2021-01-16 02:09:52'),
(765, 'Reprehenderit quibusdam.', 77, '2021-01-16 02:09:52', '2021-01-16 02:09:52'),
(766, 'Qui alias blanditiis.', 77, '2021-01-16 02:09:52', '2021-01-16 02:09:52'),
(767, 'Deserunt deserunt voluptate.', 77, '2021-01-16 02:09:52', '2021-01-16 02:09:52'),
(768, 'Saepe dolor eum.', 77, '2021-01-16 02:09:52', '2021-01-16 02:09:52'),
(769, 'Enim illum.', 77, '2021-01-16 02:09:53', '2021-01-16 02:09:53'),
(770, 'Sit adipisci.', 77, '2021-01-16 02:09:53', '2021-01-16 02:09:53'),
(771, 'Est et numquam.', 78, '2021-01-16 02:09:53', '2021-01-16 02:09:53'),
(772, 'Repudiandae magni.', 78, '2021-01-16 02:09:53', '2021-01-16 02:09:53'),
(773, 'Omnis ullam provident.', 78, '2021-01-16 02:09:53', '2021-01-16 02:09:53'),
(774, 'Delectus suscipit.', 78, '2021-01-16 02:09:53', '2021-01-16 02:09:53'),
(775, 'Omnis ut quas.', 78, '2021-01-16 02:09:53', '2021-01-16 02:09:53'),
(776, 'Saepe saepe repellat.', 78, '2021-01-16 02:09:53', '2021-01-16 02:09:53'),
(777, 'Voluptatum temporibus.', 78, '2021-01-16 02:09:53', '2021-01-16 02:09:53'),
(778, 'Incidunt id.', 78, '2021-01-16 02:09:53', '2021-01-16 02:09:53'),
(779, 'Exercitationem nihil aperiam.', 78, '2021-01-16 02:09:53', '2021-01-16 02:09:53'),
(780, 'Ut magnam.', 78, '2021-01-16 02:09:53', '2021-01-16 02:09:53'),
(781, 'Dolorem error.', 79, '2021-01-16 02:09:53', '2021-01-16 02:09:53'),
(782, 'Est eaque in.', 79, '2021-01-16 02:09:53', '2021-01-16 02:09:53'),
(783, 'Facere ratione.', 79, '2021-01-16 02:09:53', '2021-01-16 02:09:53'),
(784, 'Quam itaque aut.', 79, '2021-01-16 02:09:53', '2021-01-16 02:09:53'),
(785, 'Non qui.', 79, '2021-01-16 02:09:53', '2021-01-16 02:09:53'),
(786, 'Necessitatibus vero dolor.', 79, '2021-01-16 02:09:53', '2021-01-16 02:09:53'),
(787, 'Occaecati quidem.', 79, '2021-01-16 02:09:53', '2021-01-16 02:09:53'),
(788, 'Optio dolor iusto.', 79, '2021-01-16 02:09:53', '2021-01-16 02:09:53'),
(789, 'Nemo et.', 79, '2021-01-16 02:09:53', '2021-01-16 02:09:53'),
(790, 'Similique dolorum.', 79, '2021-01-16 02:09:53', '2021-01-16 02:09:53'),
(791, 'Et sunt voluptas.', 80, '2021-01-16 02:09:53', '2021-01-16 02:09:53'),
(792, 'Architecto quae aliquid.', 80, '2021-01-16 02:09:53', '2021-01-16 02:09:53'),
(793, 'Voluptatibus necessitatibus velit.', 80, '2021-01-16 02:09:53', '2021-01-16 02:09:53'),
(794, 'Qui qui molestiae.', 80, '2021-01-16 02:09:54', '2021-01-16 02:09:54'),
(795, 'Unde quae.', 80, '2021-01-16 02:09:54', '2021-01-16 02:09:54'),
(796, 'Ratione sed.', 80, '2021-01-16 02:09:54', '2021-01-16 02:09:54'),
(797, 'Nemo quis.', 80, '2021-01-16 02:09:54', '2021-01-16 02:09:54'),
(798, 'Asperiores eos.', 80, '2021-01-16 02:09:54', '2021-01-16 02:09:54'),
(799, 'Inventore possimus laborum.', 80, '2021-01-16 02:09:54', '2021-01-16 02:09:54'),
(800, 'Deserunt omnis nihil.', 80, '2021-01-16 02:09:54', '2021-01-16 02:09:54'),
(801, 'Ullam eveniet.', 81, '2021-01-16 02:09:54', '2021-01-16 02:09:54'),
(802, 'Molestiae velit.', 81, '2021-01-16 02:09:54', '2021-01-16 02:09:54'),
(803, 'Accusamus eveniet.', 81, '2021-01-16 02:09:55', '2021-01-16 02:09:55'),
(804, 'Eius beatae.', 81, '2021-01-16 02:09:55', '2021-01-16 02:09:55'),
(805, 'Nihil non.', 81, '2021-01-16 02:09:55', '2021-01-16 02:09:55'),
(806, 'Et eaque.', 81, '2021-01-16 02:09:55', '2021-01-16 02:09:55'),
(807, 'Voluptatum mollitia ducimus.', 81, '2021-01-16 02:09:55', '2021-01-16 02:09:55'),
(808, 'Similique blanditiis officiis.', 81, '2021-01-16 02:09:55', '2021-01-16 02:09:55'),
(809, 'Officiis et repellendus.', 81, '2021-01-16 02:09:55', '2021-01-16 02:09:55'),
(810, 'Quis quas eaque.', 81, '2021-01-16 02:09:55', '2021-01-16 02:09:55'),
(811, 'Facere optio.', 82, '2021-01-16 02:09:55', '2021-01-16 02:09:55'),
(812, 'Ut officia voluptas.', 82, '2021-01-16 02:09:55', '2021-01-16 02:09:55'),
(813, 'Fuga doloribus velit.', 82, '2021-01-16 02:09:55', '2021-01-16 02:09:55'),
(814, 'Consequuntur voluptatem.', 82, '2021-01-16 02:09:55', '2021-01-16 02:09:55'),
(815, 'Fugit fuga.', 82, '2021-01-16 02:09:55', '2021-01-16 02:09:55'),
(816, 'Reprehenderit molestiae.', 82, '2021-01-16 02:09:55', '2021-01-16 02:09:55'),
(817, 'Nulla at beatae.', 82, '2021-01-16 02:09:55', '2021-01-16 02:09:55'),
(818, 'Iste quo magni.', 82, '2021-01-16 02:09:55', '2021-01-16 02:09:55'),
(819, 'Vero provident.', 82, '2021-01-16 02:09:55', '2021-01-16 02:09:55'),
(820, 'Doloremque perspiciatis praesentium.', 82, '2021-01-16 02:09:55', '2021-01-16 02:09:55'),
(821, 'Et voluptates.', 83, '2021-01-16 02:09:55', '2021-01-16 02:09:55'),
(822, 'Dolorem illo.', 83, '2021-01-16 02:09:55', '2021-01-16 02:09:55'),
(823, 'Et eius harum.', 83, '2021-01-16 02:09:55', '2021-01-16 02:09:55'),
(824, 'Enim qui.', 83, '2021-01-16 02:09:55', '2021-01-16 02:09:55'),
(825, 'Sint sunt impedit.', 83, '2021-01-16 02:09:55', '2021-01-16 02:09:55'),
(826, 'Voluptatum aut.', 83, '2021-01-16 02:09:55', '2021-01-16 02:09:55'),
(827, 'Impedit placeat.', 83, '2021-01-16 02:09:55', '2021-01-16 02:09:55'),
(828, 'Delectus ut.', 83, '2021-01-16 02:09:56', '2021-01-16 02:09:56'),
(829, 'Aut totam recusandae.', 83, '2021-01-16 02:09:56', '2021-01-16 02:09:56'),
(830, 'Quia eveniet quod.', 83, '2021-01-16 02:09:56', '2021-01-16 02:09:56'),
(831, 'Aut nisi.', 84, '2021-01-16 02:09:56', '2021-01-16 02:09:56'),
(832, 'A laboriosam.', 84, '2021-01-16 02:09:56', '2021-01-16 02:09:56'),
(833, 'Qui beatae.', 84, '2021-01-16 02:09:56', '2021-01-16 02:09:56'),
(834, 'Ut quaerat est.', 84, '2021-01-16 02:09:56', '2021-01-16 02:09:56'),
(835, 'Non nostrum tempore.', 84, '2021-01-16 02:09:56', '2021-01-16 02:09:56'),
(836, 'Illo consequatur.', 84, '2021-01-16 02:09:56', '2021-01-16 02:09:56'),
(837, 'Earum suscipit non.', 84, '2021-01-16 02:09:56', '2021-01-16 02:09:56'),
(838, 'Corporis sequi.', 84, '2021-01-16 02:09:56', '2021-01-16 02:09:56'),
(839, 'Deleniti aut quia.', 84, '2021-01-16 02:09:56', '2021-01-16 02:09:56'),
(840, 'Modi ad impedit.', 84, '2021-01-16 02:09:56', '2021-01-16 02:09:56'),
(841, 'Maiores nobis nihil.', 85, '2021-01-16 02:09:56', '2021-01-16 02:09:56'),
(842, 'Sed non.', 85, '2021-01-16 02:09:56', '2021-01-16 02:09:56'),
(843, 'Amet occaecati.', 85, '2021-01-16 02:09:56', '2021-01-16 02:09:56'),
(844, 'Deleniti odio et.', 85, '2021-01-16 02:09:56', '2021-01-16 02:09:56'),
(845, 'Voluptate nam.', 85, '2021-01-16 02:09:56', '2021-01-16 02:09:56'),
(846, 'Tenetur atque dignissimos.', 85, '2021-01-16 02:09:56', '2021-01-16 02:09:56'),
(847, 'Animi aut.', 85, '2021-01-16 02:09:56', '2021-01-16 02:09:56'),
(848, 'Numquam omnis.', 85, '2021-01-16 02:09:56', '2021-01-16 02:09:56'),
(849, 'Aspernatur nemo ut.', 85, '2021-01-16 02:09:56', '2021-01-16 02:09:56'),
(850, 'Aspernatur quaerat.', 85, '2021-01-16 02:09:56', '2021-01-16 02:09:56'),
(851, 'Debitis voluptates ad.', 86, '2021-01-16 02:09:56', '2021-01-16 02:09:56'),
(852, 'Minus quo.', 86, '2021-01-16 02:09:57', '2021-01-16 02:09:57'),
(853, 'Error debitis.', 86, '2021-01-16 02:09:57', '2021-01-16 02:09:57'),
(854, 'Eaque consectetur ut.', 86, '2021-01-16 02:09:57', '2021-01-16 02:09:57'),
(855, 'Voluptas architecto qui.', 86, '2021-01-16 02:09:57', '2021-01-16 02:09:57'),
(856, 'Et sint.', 86, '2021-01-16 02:09:57', '2021-01-16 02:09:57'),
(857, 'Aut odit.', 86, '2021-01-16 02:09:57', '2021-01-16 02:09:57'),
(858, 'Cupiditate non.', 86, '2021-01-16 02:09:57', '2021-01-16 02:09:57'),
(859, 'Debitis sit nulla.', 86, '2021-01-16 02:09:57', '2021-01-16 02:09:57'),
(860, 'Molestias quaerat.', 86, '2021-01-16 02:09:57', '2021-01-16 02:09:57'),
(861, 'Aspernatur ad.', 87, '2021-01-16 02:09:57', '2021-01-16 02:09:57'),
(862, 'Voluptatem iusto ducimus.', 87, '2021-01-16 02:09:57', '2021-01-16 02:09:57'),
(863, 'Dolor et alias.', 87, '2021-01-16 02:09:57', '2021-01-16 02:09:57'),
(864, 'Ducimus eum.', 87, '2021-01-16 02:09:57', '2021-01-16 02:09:57'),
(865, 'Dolores nihil.', 87, '2021-01-16 02:09:57', '2021-01-16 02:09:57'),
(866, 'Placeat ut ullam.', 87, '2021-01-16 02:09:57', '2021-01-16 02:09:57'),
(867, 'Et qui corrupti.', 87, '2021-01-16 02:09:57', '2021-01-16 02:09:57'),
(868, 'Perspiciatis porro non.', 87, '2021-01-16 02:09:57', '2021-01-16 02:09:57'),
(869, 'Sunt fuga numquam.', 87, '2021-01-16 02:09:57', '2021-01-16 02:09:57'),
(870, 'Perspiciatis facilis commodi.', 87, '2021-01-16 02:09:57', '2021-01-16 02:09:57'),
(871, 'Est eum nobis.', 88, '2021-01-16 02:09:57', '2021-01-16 02:09:57'),
(872, 'Eveniet ea.', 88, '2021-01-16 02:09:57', '2021-01-16 02:09:57'),
(873, 'Eum voluptatem cum.', 88, '2021-01-16 02:09:57', '2021-01-16 02:09:57'),
(874, 'Accusantium occaecati quae.', 88, '2021-01-16 02:09:57', '2021-01-16 02:09:57'),
(875, 'Sunt quo.', 88, '2021-01-16 02:09:57', '2021-01-16 02:09:57'),
(876, 'Neque est eum.', 88, '2021-01-16 02:09:57', '2021-01-16 02:09:57'),
(877, 'Ex sed.', 88, '2021-01-16 02:09:57', '2021-01-16 02:09:57'),
(878, 'Nisi ut explicabo.', 88, '2021-01-16 02:09:57', '2021-01-16 02:09:57'),
(879, 'Ex voluptates nulla.', 88, '2021-01-16 02:09:58', '2021-01-16 02:09:58'),
(880, 'Nulla consequatur.', 88, '2021-01-16 02:09:58', '2021-01-16 02:09:58'),
(881, 'Recusandae officiis est.', 89, '2021-01-16 02:09:58', '2021-01-16 02:09:58'),
(882, 'Laborum odio eos.', 89, '2021-01-16 02:09:58', '2021-01-16 02:09:58'),
(883, 'Debitis neque.', 89, '2021-01-16 02:09:58', '2021-01-16 02:09:58'),
(884, 'Laudantium aspernatur.', 89, '2021-01-16 02:09:58', '2021-01-16 02:09:58'),
(885, 'Ut nesciunt maxime.', 89, '2021-01-16 02:09:58', '2021-01-16 02:09:58'),
(886, 'Ex corrupti mollitia.', 89, '2021-01-16 02:09:58', '2021-01-16 02:09:58'),
(887, 'Odio sed.', 89, '2021-01-16 02:09:58', '2021-01-16 02:09:58'),
(888, 'Velit et.', 89, '2021-01-16 02:09:58', '2021-01-16 02:09:58'),
(889, 'Quia veniam eveniet.', 89, '2021-01-16 02:09:58', '2021-01-16 02:09:58'),
(890, 'Facilis qui.', 89, '2021-01-16 02:09:58', '2021-01-16 02:09:58'),
(891, 'Repellat dolore porro.', 90, '2021-01-16 02:09:58', '2021-01-16 02:09:58'),
(892, 'Mollitia possimus nam.', 90, '2021-01-16 02:09:58', '2021-01-16 02:09:58'),
(893, 'Necessitatibus ea fugiat.', 90, '2021-01-16 02:09:58', '2021-01-16 02:09:58'),
(894, 'Natus nobis nihil.', 90, '2021-01-16 02:09:58', '2021-01-16 02:09:58'),
(895, 'Autem repellendus.', 90, '2021-01-16 02:09:58', '2021-01-16 02:09:58'),
(896, 'Possimus recusandae quo.', 90, '2021-01-16 02:09:58', '2021-01-16 02:09:58'),
(897, 'Et repudiandae voluptas.', 90, '2021-01-16 02:09:58', '2021-01-16 02:09:58'),
(898, 'Illum ea.', 90, '2021-01-16 02:09:58', '2021-01-16 02:09:58'),
(899, 'Autem modi dicta.', 90, '2021-01-16 02:09:58', '2021-01-16 02:09:58'),
(900, 'Dolores molestiae.', 90, '2021-01-16 02:09:58', '2021-01-16 02:09:58'),
(901, 'Excepturi reiciendis.', 91, '2021-01-16 02:09:59', '2021-01-16 02:09:59'),
(902, 'Saepe ipsum.', 91, '2021-01-16 02:09:59', '2021-01-16 02:09:59'),
(903, 'Voluptatibus sunt enim.', 91, '2021-01-16 02:09:59', '2021-01-16 02:09:59'),
(904, 'Dolore sed.', 91, '2021-01-16 02:09:59', '2021-01-16 02:09:59'),
(905, 'Possimus at enim.', 91, '2021-01-16 02:09:59', '2021-01-16 02:09:59'),
(906, 'Alias id.', 91, '2021-01-16 02:09:59', '2021-01-16 02:09:59'),
(907, 'Fugiat quia nulla.', 91, '2021-01-16 02:09:59', '2021-01-16 02:09:59'),
(908, 'Reiciendis hic.', 91, '2021-01-16 02:09:59', '2021-01-16 02:09:59'),
(909, 'Beatae veritatis.', 91, '2021-01-16 02:09:59', '2021-01-16 02:09:59'),
(910, 'Ut ut perferendis.', 91, '2021-01-16 02:09:59', '2021-01-16 02:09:59'),
(911, 'Repellendus delectus.', 92, '2021-01-16 02:09:59', '2021-01-16 02:09:59'),
(912, 'Provident consectetur mollitia.', 92, '2021-01-16 02:09:59', '2021-01-16 02:09:59'),
(913, 'Quod fugiat.', 92, '2021-01-16 02:09:59', '2021-01-16 02:09:59'),
(914, 'Et culpa vitae.', 92, '2021-01-16 02:10:00', '2021-01-16 02:10:00'),
(915, 'Non eligendi libero.', 92, '2021-01-16 02:10:00', '2021-01-16 02:10:00'),
(916, 'Facilis architecto dolores.', 92, '2021-01-16 02:10:00', '2021-01-16 02:10:00'),
(917, 'Sit ipsam.', 92, '2021-01-16 02:10:00', '2021-01-16 02:10:00'),
(918, 'Enim iure.', 92, '2021-01-16 02:10:00', '2021-01-16 02:10:00'),
(919, 'Asperiores ea.', 92, '2021-01-16 02:10:00', '2021-01-16 02:10:00'),
(920, 'Laboriosam doloremque.', 92, '2021-01-16 02:10:00', '2021-01-16 02:10:00'),
(921, 'Nisi quaerat.', 93, '2021-01-16 02:10:00', '2021-01-16 02:10:00'),
(922, 'Cumque placeat.', 93, '2021-01-16 02:10:00', '2021-01-16 02:10:00'),
(923, 'Sunt aut omnis.', 93, '2021-01-16 02:10:00', '2021-01-16 02:10:00'),
(924, 'Similique ratione.', 93, '2021-01-16 02:10:00', '2021-01-16 02:10:00'),
(925, 'Eveniet repellat.', 93, '2021-01-16 02:10:00', '2021-01-16 02:10:00'),
(926, 'Amet magnam aliquam.', 93, '2021-01-16 02:10:00', '2021-01-16 02:10:00'),
(927, 'Consectetur nulla.', 93, '2021-01-16 02:10:00', '2021-01-16 02:10:00'),
(928, 'Et adipisci.', 93, '2021-01-16 02:10:00', '2021-01-16 02:10:00'),
(929, 'Ut rerum ipsum.', 93, '2021-01-16 02:10:00', '2021-01-16 02:10:00'),
(930, 'Pariatur quibusdam iure.', 93, '2021-01-16 02:10:00', '2021-01-16 02:10:00'),
(931, 'Aliquid libero aliquam.', 94, '2021-01-16 02:10:00', '2021-01-16 02:10:00'),
(932, 'Est tempore architecto.', 94, '2021-01-16 02:10:00', '2021-01-16 02:10:00'),
(933, 'Qui debitis.', 94, '2021-01-16 02:10:01', '2021-01-16 02:10:01'),
(934, 'Culpa est quis.', 94, '2021-01-16 02:10:01', '2021-01-16 02:10:01'),
(935, 'Deserunt veritatis.', 94, '2021-01-16 02:10:01', '2021-01-16 02:10:01'),
(936, 'Adipisci ex dolore.', 94, '2021-01-16 02:10:01', '2021-01-16 02:10:01'),
(937, 'Et voluptate error.', 94, '2021-01-16 02:10:01', '2021-01-16 02:10:01'),
(938, 'Porro rerum eaque.', 94, '2021-01-16 02:10:01', '2021-01-16 02:10:01'),
(939, 'Sunt omnis dolores.', 94, '2021-01-16 02:10:01', '2021-01-16 02:10:01'),
(940, 'Et dolores voluptatem.', 94, '2021-01-16 02:10:01', '2021-01-16 02:10:01'),
(941, 'Quaerat voluptatem ea.', 95, '2021-01-16 02:10:01', '2021-01-16 02:10:01'),
(942, 'Reiciendis ut.', 95, '2021-01-16 02:10:01', '2021-01-16 02:10:01'),
(943, 'Magni harum.', 95, '2021-01-16 02:10:01', '2021-01-16 02:10:01'),
(944, 'Dolore deleniti provident.', 95, '2021-01-16 02:10:01', '2021-01-16 02:10:01'),
(945, 'Temporibus a reiciendis.', 95, '2021-01-16 02:10:01', '2021-01-16 02:10:01'),
(946, 'Quibusdam sed eaque.', 95, '2021-01-16 02:10:01', '2021-01-16 02:10:01'),
(947, 'Similique molestias.', 95, '2021-01-16 02:10:01', '2021-01-16 02:10:01'),
(948, 'Maiores dolor modi.', 95, '2021-01-16 02:10:01', '2021-01-16 02:10:01'),
(949, 'Omnis saepe recusandae.', 95, '2021-01-16 02:10:01', '2021-01-16 02:10:01'),
(950, 'A enim.', 95, '2021-01-16 02:10:01', '2021-01-16 02:10:01'),
(951, 'Voluptas commodi quasi.', 96, '2021-01-16 02:10:01', '2021-01-16 02:10:01'),
(952, 'Voluptatum non consectetur.', 96, '2021-01-16 02:10:01', '2021-01-16 02:10:01'),
(953, 'Quis quo accusamus.', 96, '2021-01-16 02:10:01', '2021-01-16 02:10:01'),
(954, 'Molestias impedit.', 96, '2021-01-16 02:10:01', '2021-01-16 02:10:01'),
(955, 'Omnis dolor asperiores.', 96, '2021-01-16 02:10:01', '2021-01-16 02:10:01'),
(956, 'At natus voluptatem.', 96, '2021-01-16 02:10:01', '2021-01-16 02:10:01'),
(957, 'At illum.', 96, '2021-01-16 02:10:01', '2021-01-16 02:10:01'),
(958, 'Est ut.', 96, '2021-01-16 02:10:01', '2021-01-16 02:10:01'),
(959, 'Illo et.', 96, '2021-01-16 02:10:02', '2021-01-16 02:10:02'),
(960, 'Voluptatum provident.', 96, '2021-01-16 02:10:02', '2021-01-16 02:10:02'),
(961, 'Debitis sed molestias.', 97, '2021-01-16 02:10:02', '2021-01-16 02:10:02'),
(962, 'Enim impedit.', 97, '2021-01-16 02:10:02', '2021-01-16 02:10:02'),
(963, 'Et nihil.', 97, '2021-01-16 02:10:02', '2021-01-16 02:10:02'),
(964, 'Ab nulla rerum.', 97, '2021-01-16 02:10:02', '2021-01-16 02:10:02'),
(965, 'Occaecati ut dolore.', 97, '2021-01-16 02:10:02', '2021-01-16 02:10:02'),
(966, 'Quod quos.', 97, '2021-01-16 02:10:02', '2021-01-16 02:10:02'),
(967, 'Veniam qui.', 97, '2021-01-16 02:10:02', '2021-01-16 02:10:02'),
(968, 'Saepe similique.', 97, '2021-01-16 02:10:02', '2021-01-16 02:10:02'),
(969, 'Quam odio.', 97, '2021-01-16 02:10:02', '2021-01-16 02:10:02'),
(970, 'Perspiciatis dicta.', 97, '2021-01-16 02:10:02', '2021-01-16 02:10:02'),
(971, 'Quo iure.', 98, '2021-01-16 02:10:02', '2021-01-16 02:10:02'),
(972, 'Unde ducimus.', 98, '2021-01-16 02:10:02', '2021-01-16 02:10:02'),
(973, 'Itaque eos officiis.', 98, '2021-01-16 02:10:02', '2021-01-16 02:10:02'),
(974, 'Perferendis voluptate consectetur.', 98, '2021-01-16 02:10:02', '2021-01-16 02:10:02'),
(975, 'Repudiandae exercitationem praesentium.', 98, '2021-01-16 02:10:02', '2021-01-16 02:10:02'),
(976, 'Itaque et quibusdam.', 98, '2021-01-16 02:10:02', '2021-01-16 02:10:02'),
(977, 'Quis eligendi minima.', 98, '2021-01-16 02:10:02', '2021-01-16 02:10:02'),
(978, 'Id consequatur.', 98, '2021-01-16 02:10:02', '2021-01-16 02:10:02'),
(979, 'Similique modi.', 98, '2021-01-16 02:10:02', '2021-01-16 02:10:02'),
(980, 'Omnis et consequatur.', 98, '2021-01-16 02:10:02', '2021-01-16 02:10:02'),
(981, 'Assumenda in.', 99, '2021-01-16 02:10:02', '2021-01-16 02:10:02'),
(982, 'Ullam dolor.', 99, '2021-01-16 02:10:03', '2021-01-16 02:10:03'),
(983, 'Minus aliquam.', 99, '2021-01-16 02:10:03', '2021-01-16 02:10:03'),
(984, 'Aliquid consequatur et.', 99, '2021-01-16 02:10:03', '2021-01-16 02:10:03'),
(985, 'Accusamus eaque.', 99, '2021-01-16 02:10:03', '2021-01-16 02:10:03'),
(986, 'Occaecati minus.', 99, '2021-01-16 02:10:03', '2021-01-16 02:10:03'),
(987, 'Quo sint.', 99, '2021-01-16 02:10:03', '2021-01-16 02:10:03'),
(988, 'Delectus nulla.', 99, '2021-01-16 02:10:03', '2021-01-16 02:10:03'),
(989, 'A minima cumque.', 99, '2021-01-16 02:10:03', '2021-01-16 02:10:03'),
(990, 'Pariatur ducimus.', 99, '2021-01-16 02:10:03', '2021-01-16 02:10:03'),
(991, 'Nulla reiciendis.', 100, '2021-01-16 02:10:03', '2021-01-16 02:10:03'),
(992, 'Recusandae voluptatem.', 100, '2021-01-16 02:10:03', '2021-01-16 02:10:03'),
(993, 'Illo dolorum vitae.', 100, '2021-01-16 02:10:03', '2021-01-16 02:10:03'),
(994, 'Aut maiores ea.', 100, '2021-01-16 02:10:03', '2021-01-16 02:10:03'),
(995, 'Tempora autem.', 100, '2021-01-16 02:10:03', '2021-01-16 02:10:03'),
(996, 'Et architecto.', 100, '2021-01-16 02:10:03', '2021-01-16 02:10:03'),
(997, 'Sed aut.', 100, '2021-01-16 02:10:03', '2021-01-16 02:10:03'),
(998, 'Dolores quas.', 100, '2021-01-16 02:10:03', '2021-01-16 02:10:03'),
(999, 'Consequatur omnis necessitatibus.', 100, '2021-01-16 02:10:03', '2021-01-16 02:10:03'),
(1000, 'Quam autem doloremque.', 100, '2021-01-16 02:10:03', '2021-01-16 02:10:03');

-- --------------------------------------------------------

--
-- Table structure for table `hotels`
--

CREATE TABLE `hotels` (
  `id` bigint(20) UNSIGNED NOT NULL,
  `name` varchar(255) COLLATE utf8mb4_unicode_ci NOT NULL,
  `address` varchar(255) COLLATE utf8mb4_unicode_ci NOT NULL,
  `city` varchar(255) COLLATE utf8mb4_unicode_ci NOT NULL,
  `star` int(11) NOT NULL,
  `x_coordinate` double(8,2) NOT NULL,
  `y_coordinate` double(8,2) NOT NULL,
  `image` varchar(255) COLLATE utf8mb4_unicode_ci NOT NULL,
  `created_at` timestamp NULL DEFAULT NULL,
  `updated_at` timestamp NULL DEFAULT NULL
) ENGINE=InnoDB DEFAULT CHARSET=utf8mb4 COLLATE=utf8mb4_unicode_ci;

--
-- Dumping data for table `hotels`
--

INSERT INTO `hotels` (`id`, `name`, `address`, `city`, `star`, `x_coordinate`, `y_coordinate`, `image`, `created_at`, `updated_at`) VALUES
(1, 'Rogahn and Sons', '351 Eulah Mills Suite 880', 'Kunzeburgh', 1, 31.63, -8.01, 'hotel-6.jpg', '2021-01-16 02:09:13', '2021-01-16 02:09:13'),
(2, 'Senger, Stamm and Crooks', '45958 Aufderhar Haven Apt. 211', 'North Janessamouth', 3, 31.63, -8.01, 'hotel-4.jpg', '2021-01-16 02:09:13', '2021-01-16 02:09:13'),
(3, 'Rowe-O\'Keefe', '96360 Douglas Glens', 'South Haylieville', 3, 31.63, -8.01, 'hotel-5.jpg', '2021-01-16 02:09:13', '2021-01-16 02:09:13'),
(4, 'Waelchi and Sons', '10211 Keenan Skyway Apt. 130', 'New Haydenville', 3, 31.63, -8.01, 'hotel-2.jpg', '2021-01-16 02:09:13', '2021-01-16 02:09:13'),
(5, 'Smitham and Sons', '39654 Hazel Mall', 'West Cathryntown', 2, 31.63, -8.01, 'hotel-1.jpg', '2021-01-16 02:09:13', '2021-01-16 02:09:13'),
(6, 'McCullough, Carroll and Hyatt', '278 Haley Mill Apt. 096', 'West Jamey', 5, 31.63, -8.01, 'hotel-6.jpg', '2021-01-16 02:09:13', '2021-01-16 02:09:13'),
(7, 'Wilkinson PLC', '655 Shanahan Mall', 'South Brody', 5, 31.63, -8.01, 'hotel-4.jpg', '2021-01-16 02:09:13', '2021-01-16 02:09:13'),
(8, 'Jones Inc', '79571 Theron Knolls Apt. 471', 'South Cierrastad', 1, 31.63, -8.01, 'hotel-1.jpg', '2021-01-16 02:09:13', '2021-01-16 02:09:13'),
(9, 'Stiedemann Group', '6449 Wuckert Flat', 'Blockport', 3, 31.63, -8.01, 'hotel-3.jpg', '2021-01-16 02:09:13', '2021-01-16 02:09:13'),
(10, 'Kub-Mraz', '870 VonRueden Valleys', 'North Helenborough', 4, 31.63, -8.01, 'hotel-7.jpg', '2021-01-16 02:09:14', '2021-01-16 02:09:14');

-- --------------------------------------------------------

--
-- Table structure for table `migrations`
--

CREATE TABLE `migrations` (
  `id` int(10) UNSIGNED NOT NULL,
  `migration` varchar(255) COLLATE utf8mb4_unicode_ci NOT NULL,
  `batch` int(11) NOT NULL
) ENGINE=InnoDB DEFAULT CHARSET=utf8mb4 COLLATE=utf8mb4_unicode_ci;

--
-- Dumping data for table `migrations`
--

INSERT INTO `migrations` (`id`, `migration`, `batch`) VALUES
(1, '2014_10_12_000000_create_users_table', 1),
(2, '2014_10_12_100000_create_password_resets_table', 1),
(3, '2016_06_01_000001_create_oauth_auth_codes_table', 1),
(4, '2016_06_01_000002_create_oauth_access_tokens_table', 1),
(5, '2016_06_01_000003_create_oauth_refresh_tokens_table', 1),
(6, '2016_06_01_000004_create_oauth_clients_table', 1),
(7, '2016_06_01_000005_create_oauth_personal_access_clients_table', 1),
(8, '2019_08_19_000000_create_failed_jobs_table', 1),
(9, '2020_08_06_202532_create_hotels_table', 1),
(10, '2020_08_06_202550_create_rooms_table', 1),
(11, '2020_08_06_202618_create_bookings_table', 1),
(12, '2020_08_06_202632_create_features_table', 1),
(13, '2020_08_16_175637_create_reviews_table', 1);

-- --------------------------------------------------------

--
-- Table structure for table `oauth_access_tokens`
--

CREATE TABLE `oauth_access_tokens` (
  `id` varchar(100) COLLATE utf8mb4_unicode_ci NOT NULL,
  `user_id` bigint(20) UNSIGNED DEFAULT NULL,
  `client_id` bigint(20) UNSIGNED NOT NULL,
  `name` varchar(255) COLLATE utf8mb4_unicode_ci DEFAULT NULL,
  `scopes` text COLLATE utf8mb4_unicode_ci DEFAULT NULL,
  `revoked` tinyint(1) NOT NULL,
  `created_at` timestamp NULL DEFAULT NULL,
  `updated_at` timestamp NULL DEFAULT NULL,
  `expires_at` datetime DEFAULT NULL
) ENGINE=InnoDB DEFAULT CHARSET=utf8mb4 COLLATE=utf8mb4_unicode_ci;

--
-- Dumping data for table `oauth_access_tokens`
--

INSERT INTO `oauth_access_tokens` (`id`, `user_id`, `client_id`, `name`, `scopes`, `revoked`, `created_at`, `updated_at`, `expires_at`) VALUES
('537f48e6d37ac961d469a2565b2abb7681ca1eeed3a4ef718dd425d253ef66063de6b57099ea351e', 14, 1, '', '[]', 0, '2021-01-16 03:14:31', '2021-01-16 03:14:31', '2022-01-16 09:14:31'),
('5d43d66c5ec9d84ca67276cec8ca9d70725852df532d4ff2e259feb99870a34f3b7a3d962d1d15cc', 15, 1, '', '[]', 0, '2021-01-23 10:03:42', '2021-01-23 10:03:42', '2022-01-23 16:03:42'),
('a0bfeefa63676ff583103bee0a003f4c42ea17b384db716e134386ab30829785fb02d3fdfcb6741a', 15, 1, '', '[]', 0, '2021-01-23 19:47:04', '2021-01-23 19:47:04', '2022-01-24 01:47:04'),
('dd81f6da4ad5ac3a66ce3fb93692e709eab8ad7401dd3ca1fdc35f7d8af77a29168f5ebc7cef1722', 15, 1, '', '[]', 0, '2021-01-23 13:24:51', '2021-01-23 13:24:51', '2022-01-23 19:24:51');

-- --------------------------------------------------------

--
-- Table structure for table `oauth_auth_codes`
--

CREATE TABLE `oauth_auth_codes` (
  `id` varchar(100) COLLATE utf8mb4_unicode_ci NOT NULL,
  `user_id` bigint(20) UNSIGNED NOT NULL,
  `client_id` bigint(20) UNSIGNED NOT NULL,
  `scopes` text COLLATE utf8mb4_unicode_ci DEFAULT NULL,
  `revoked` tinyint(1) NOT NULL,
  `expires_at` datetime DEFAULT NULL
) ENGINE=InnoDB DEFAULT CHARSET=utf8mb4 COLLATE=utf8mb4_unicode_ci;

-- --------------------------------------------------------

--
-- Table structure for table `oauth_clients`
--

CREATE TABLE `oauth_clients` (
  `id` bigint(20) UNSIGNED NOT NULL,
  `user_id` bigint(20) UNSIGNED DEFAULT NULL,
  `name` varchar(255) COLLATE utf8mb4_unicode_ci NOT NULL,
  `secret` varchar(100) COLLATE utf8mb4_unicode_ci DEFAULT NULL,
  `provider` varchar(255) COLLATE utf8mb4_unicode_ci DEFAULT NULL,
  `redirect` text COLLATE utf8mb4_unicode_ci NOT NULL,
  `personal_access_client` tinyint(1) NOT NULL,
  `password_client` tinyint(1) NOT NULL,
  `revoked` tinyint(1) NOT NULL,
  `created_at` timestamp NULL DEFAULT NULL,
  `updated_at` timestamp NULL DEFAULT NULL
) ENGINE=InnoDB DEFAULT CHARSET=utf8mb4 COLLATE=utf8mb4_unicode_ci;

--
-- Dumping data for table `oauth_clients`
--

INSERT INTO `oauth_clients` (`id`, `user_id`, `name`, `secret`, `provider`, `redirect`, `personal_access_client`, `password_client`, `revoked`, `created_at`, `updated_at`) VALUES
(1, NULL, 'Laravel Personal Access Client', 'yb0aCv5860Pt0zHt2S8eYEE3Q3hCJz8iqCN8zcpn', NULL, 'http://localhost', 1, 0, 0, '2021-01-16 03:13:37', '2021-01-16 03:13:37'),
(2, NULL, 'Laravel Password Grant Client', 'DnjkTX0Og8UpyzGLra5TqHFjp726oCpEvKnSlAPy', 'users', 'http://localhost', 0, 1, 0, '2021-01-16 03:13:37', '2021-01-16 03:13:37');

-- --------------------------------------------------------

--
-- Table structure for table `oauth_personal_access_clients`
--

CREATE TABLE `oauth_personal_access_clients` (
  `id` bigint(20) UNSIGNED NOT NULL,
  `client_id` bigint(20) UNSIGNED NOT NULL,
  `created_at` timestamp NULL DEFAULT NULL,
  `updated_at` timestamp NULL DEFAULT NULL
) ENGINE=InnoDB DEFAULT CHARSET=utf8mb4 COLLATE=utf8mb4_unicode_ci;

--
-- Dumping data for table `oauth_personal_access_clients`
--

INSERT INTO `oauth_personal_access_clients` (`id`, `client_id`, `created_at`, `updated_at`) VALUES
(1, 1, '2021-01-16 03:13:37', '2021-01-16 03:13:37');

-- --------------------------------------------------------

--
-- Table structure for table `oauth_refresh_tokens`
--

CREATE TABLE `oauth_refresh_tokens` (
  `id` varchar(100) COLLATE utf8mb4_unicode_ci NOT NULL,
  `access_token_id` varchar(100) COLLATE utf8mb4_unicode_ci NOT NULL,
  `revoked` tinyint(1) NOT NULL,
  `expires_at` datetime DEFAULT NULL
) ENGINE=InnoDB DEFAULT CHARSET=utf8mb4 COLLATE=utf8mb4_unicode_ci;

-- --------------------------------------------------------

--
-- Table structure for table `password_resets`
--

CREATE TABLE `password_resets` (
  `email` varchar(255) COLLATE utf8mb4_unicode_ci NOT NULL,
  `token` varchar(255) COLLATE utf8mb4_unicode_ci NOT NULL,
  `created_at` timestamp NULL DEFAULT NULL
) ENGINE=InnoDB DEFAULT CHARSET=utf8mb4 COLLATE=utf8mb4_unicode_ci;

-- --------------------------------------------------------

--
-- Table structure for table `reviews`
--

CREATE TABLE `reviews` (
  `id` bigint(20) UNSIGNED NOT NULL,
  `content` text COLLATE utf8mb4_unicode_ci NOT NULL,
  `rating` int(11) NOT NULL,
  `hotel_id` bigint(20) UNSIGNED NOT NULL,
  `user_id` bigint(20) UNSIGNED NOT NULL,
  `created_at` timestamp NULL DEFAULT NULL,
  `updated_at` timestamp NULL DEFAULT NULL
) ENGINE=InnoDB DEFAULT CHARSET=utf8mb4 COLLATE=utf8mb4_unicode_ci;

--
-- Dumping data for table `reviews`
--

INSERT INTO `reviews` (`id`, `content`, `rating`, `hotel_id`, `user_id`, `created_at`, `updated_at`) VALUES
(1, 'Iure beatae at debitis voluptatum est repellendus impedit.', 5, 1, 2, '2021-01-16 02:09:18', '2021-01-16 02:09:18'),
(2, 'Voluptatem porro sit sit omnis nesciunt.', 10, 1, 8, '2021-01-16 02:09:18', '2021-01-16 02:09:18'),
(3, 'Ut animi maxime consectetur recusandae exercitationem.', 4, 1, 4, '2021-01-16 02:09:18', '2021-01-16 02:09:18'),
(4, 'Maxime repellat omnis molestiae qui praesentium repellat ducimus maiores.', 2, 1, 1, '2021-01-16 02:09:18', '2021-01-16 02:09:18'),
(5, 'Ratione velit quis sapiente placeat.', 10, 1, 1, '2021-01-16 02:09:19', '2021-01-16 02:09:19'),
(6, 'Dolor aliquam aspernatur maiores quod est totam qui.', 2, 1, 9, '2021-01-16 02:09:19', '2021-01-16 02:09:19'),
(7, 'Voluptatum accusantium facere vel.', 7, 1, 2, '2021-01-16 02:09:19', '2021-01-16 02:09:19'),
(8, 'Quis pariatur amet quia.', 7, 1, 8, '2021-01-16 02:09:19', '2021-01-16 02:09:19'),
(9, 'Possimus tempora quasi reprehenderit debitis.', 5, 1, 6, '2021-01-16 02:09:19', '2021-01-16 02:09:19'),
(10, 'Perspiciatis iste dolor eaque sit quaerat.', 1, 1, 5, '2021-01-16 02:09:19', '2021-01-16 02:09:19'),
(11, 'Adipisci aut aperiam quia explicabo officia.', 3, 2, 4, '2021-01-16 02:09:23', '2021-01-16 02:09:23'),
(12, 'Autem voluptatem asperiores sed consequatur dignissimos non dolor.', 8, 2, 1, '2021-01-16 02:09:24', '2021-01-16 02:09:24'),
(13, 'Molestiae rerum nisi perspiciatis.', 1, 2, 8, '2021-01-16 02:09:24', '2021-01-16 02:09:24'),
(14, 'Inventore ratione veniam consequuntur cum voluptas voluptatibus dolore.', 3, 2, 9, '2021-01-16 02:09:24', '2021-01-16 02:09:24'),
(15, 'Iusto blanditiis iure fugiat rerum id ut nihil adipisci.', 10, 2, 4, '2021-01-16 02:09:24', '2021-01-16 02:09:24'),
(16, 'Dolore quia quam enim doloribus quo fugiat.', 9, 2, 3, '2021-01-16 02:09:24', '2021-01-16 02:09:24'),
(17, 'Inventore consequatur amet sequi consequatur ipsum qui aut porro.', 2, 2, 7, '2021-01-16 02:09:24', '2021-01-16 02:09:24'),
(18, 'Et delectus voluptas animi necessitatibus ad.', 8, 2, 3, '2021-01-16 02:09:24', '2021-01-16 02:09:24'),
(19, 'Accusamus error assumenda cum suscipit corrupti a optio exercitationem.', 6, 2, 6, '2021-01-16 02:09:24', '2021-01-16 02:09:24'),
(20, 'Occaecati saepe doloribus laudantium repudiandae eaque aut.', 3, 2, 7, '2021-01-16 02:09:24', '2021-01-16 02:09:24'),
(21, 'Voluptates distinctio culpa quos nostrum neque.', 2, 3, 5, '2021-01-16 02:09:29', '2021-01-16 02:09:29'),
(22, 'Velit qui saepe autem nulla ut et.', 6, 3, 1, '2021-01-16 02:09:29', '2021-01-16 02:09:29'),
(23, 'Doloremque laborum officiis sed non ad similique.', 9, 3, 3, '2021-01-16 02:09:29', '2021-01-16 02:09:29'),
(24, 'Est at dolorem repellat eos.', 9, 3, 8, '2021-01-16 02:09:29', '2021-01-16 02:09:29'),
(25, 'Facere qui est deserunt non rerum.', 6, 3, 8, '2021-01-16 02:09:29', '2021-01-16 02:09:29'),
(26, 'Iste maiores suscipit distinctio doloribus eius.', 5, 3, 3, '2021-01-16 02:09:29', '2021-01-16 02:09:29'),
(27, 'Totam illo cumque omnis modi accusamus.', 3, 3, 5, '2021-01-16 02:09:29', '2021-01-16 02:09:29'),
(28, 'Atque incidunt et sint vel.', 9, 3, 7, '2021-01-16 02:09:29', '2021-01-16 02:09:29'),
(29, 'Facere ipsa eius veniam inventore vero sed.', 5, 3, 7, '2021-01-16 02:09:29', '2021-01-16 02:09:29'),
(30, 'Est autem accusantium dolorem natus.', 6, 3, 2, '2021-01-16 02:09:29', '2021-01-16 02:09:29'),
(31, 'Aut consequatur veniam itaque et eveniet nulla et.', 3, 4, 3, '2021-01-16 02:09:34', '2021-01-16 02:09:34'),
(32, 'Sit consequuntur eveniet eum.', 4, 4, 1, '2021-01-16 02:09:34', '2021-01-16 02:09:34'),
(33, 'Et incidunt et esse itaque.', 4, 4, 2, '2021-01-16 02:09:34', '2021-01-16 02:09:34'),
(34, 'Illum dolor voluptate officiis aliquid voluptas accusamus quo.', 3, 4, 3, '2021-01-16 02:09:34', '2021-01-16 02:09:34'),
(35, 'Vero et facere perferendis mollitia voluptas voluptas eveniet officiis.', 9, 4, 4, '2021-01-16 02:09:34', '2021-01-16 02:09:34'),
(36, 'Sunt autem quo rerum deserunt porro.', 8, 4, 4, '2021-01-16 02:09:34', '2021-01-16 02:09:34'),
(37, 'Quis aut nobis repudiandae occaecati ipsum explicabo.', 9, 4, 1, '2021-01-16 02:09:34', '2021-01-16 02:09:34'),
(38, 'Eos aperiam laborum quae.', 3, 4, 8, '2021-01-16 02:09:34', '2021-01-16 02:09:34'),
(39, 'Est totam repudiandae optio cupiditate molestiae et consequatur voluptas.', 6, 4, 8, '2021-01-16 02:09:34', '2021-01-16 02:09:34'),
(40, 'Dolorem itaque et aut accusamus.', 8, 4, 8, '2021-01-16 02:09:34', '2021-01-16 02:09:34'),
(41, 'Ea occaecati quos at voluptatem repellendus ipsam.', 1, 5, 6, '2021-01-16 02:09:39', '2021-01-16 02:09:39'),
(42, 'Et neque fugiat aut nisi fugiat minus qui ipsam.', 6, 5, 5, '2021-01-16 02:09:39', '2021-01-16 02:09:39'),
(43, 'Natus est enim quis ut cupiditate.', 7, 5, 6, '2021-01-16 02:09:39', '2021-01-16 02:09:39'),
(44, 'Aut voluptatum harum voluptatem veniam et quaerat.', 4, 5, 9, '2021-01-16 02:09:39', '2021-01-16 02:09:39'),
(45, 'Omnis quidem ut delectus quo laborum.', 8, 5, 9, '2021-01-16 02:09:39', '2021-01-16 02:09:39'),
(46, 'Reprehenderit eaque eligendi labore corporis qui inventore.', 3, 5, 3, '2021-01-16 02:09:39', '2021-01-16 02:09:39'),
(47, 'Quo soluta dolores quis labore sunt eaque eum qui.', 1, 5, 1, '2021-01-16 02:09:39', '2021-01-16 02:09:39'),
(48, 'Nobis ut nulla ut illum atque sint ducimus et.', 6, 5, 2, '2021-01-16 02:09:39', '2021-01-16 02:09:39'),
(49, 'Natus atque tenetur unde atque eos ipsum rerum.', 8, 5, 4, '2021-01-16 02:09:39', '2021-01-16 02:09:39'),
(50, 'Quasi nihil voluptatem voluptas est corrupti voluptates perferendis.', 6, 5, 9, '2021-01-16 02:09:39', '2021-01-16 02:09:39'),
(51, 'Odit error autem nihil officiis assumenda.', 5, 6, 8, '2021-01-16 02:09:44', '2021-01-16 02:09:44'),
(52, 'Minus voluptas debitis qui.', 3, 6, 1, '2021-01-16 02:09:44', '2021-01-16 02:09:44'),
(53, 'In et ut commodi et repudiandae sapiente dolorem.', 4, 6, 6, '2021-01-16 02:09:44', '2021-01-16 02:09:44'),
(54, 'Aperiam rerum et et placeat id ipsam.', 7, 6, 4, '2021-01-16 02:09:44', '2021-01-16 02:09:44'),
(55, 'Dignissimos illo quia vel ea magni harum.', 5, 6, 8, '2021-01-16 02:09:44', '2021-01-16 02:09:44'),
(56, 'Ex cum exercitationem temporibus corporis.', 8, 6, 9, '2021-01-16 02:09:44', '2021-01-16 02:09:44'),
(57, 'Quas accusamus qui dolores amet.', 8, 6, 8, '2021-01-16 02:09:44', '2021-01-16 02:09:44'),
(58, 'Velit molestias dolorem animi expedita est harum doloremque.', 7, 6, 4, '2021-01-16 02:09:44', '2021-01-16 02:09:44'),
(59, 'Culpa eius omnis dicta tempora perferendis magnam.', 10, 6, 1, '2021-01-16 02:09:44', '2021-01-16 02:09:44'),
(60, 'Et sint doloribus eos ut aut.', 7, 6, 5, '2021-01-16 02:09:44', '2021-01-16 02:09:44'),
(61, 'Et doloremque ea sed quis quaerat et.', 7, 7, 7, '2021-01-16 02:09:49', '2021-01-16 02:09:49'),
(62, 'Consequatur accusantium numquam rerum.', 8, 7, 4, '2021-01-16 02:09:49', '2021-01-16 02:09:49'),
(63, 'Omnis debitis est labore provident ea aperiam.', 7, 7, 7, '2021-01-16 02:09:49', '2021-01-16 02:09:49'),
(64, 'Temporibus non nam voluptas laboriosam et eos nesciunt.', 9, 7, 6, '2021-01-16 02:09:49', '2021-01-16 02:09:49'),
(65, 'Ex quia quia optio aliquam dolores ipsa.', 7, 7, 4, '2021-01-16 02:09:49', '2021-01-16 02:09:49'),
(66, 'Eius eaque ex maiores aut delectus voluptatibus.', 9, 7, 8, '2021-01-16 02:09:49', '2021-01-16 02:09:49'),
(67, 'Officiis tenetur rerum eum accusantium rerum.', 6, 7, 4, '2021-01-16 02:09:49', '2021-01-16 02:09:49'),
(68, 'Quidem dignissimos commodi dignissimos sit minima culpa ratione.', 2, 7, 5, '2021-01-16 02:09:49', '2021-01-16 02:09:49'),
(69, 'Non ut nulla voluptas voluptas tenetur.', 7, 7, 3, '2021-01-16 02:09:49', '2021-01-16 02:09:49'),
(70, 'Provident ipsa ad aut aut dolorum.', 1, 7, 8, '2021-01-16 02:09:49', '2021-01-16 02:09:49'),
(71, 'Nam eos ut repellat qui.', 1, 8, 4, '2021-01-16 02:09:54', '2021-01-16 02:09:54'),
(72, 'Harum aut at repellendus voluptate odio quas.', 5, 8, 4, '2021-01-16 02:09:54', '2021-01-16 02:09:54'),
(73, 'Excepturi reprehenderit et dignissimos rem deserunt ipsa eum consequatur.', 9, 8, 8, '2021-01-16 02:09:54', '2021-01-16 02:09:54'),
(74, 'Recusandae vitae repudiandae officiis enim ab.', 10, 8, 9, '2021-01-16 02:09:54', '2021-01-16 02:09:54'),
(75, 'Voluptatem voluptatum non repudiandae qui consequatur error.', 3, 8, 7, '2021-01-16 02:09:54', '2021-01-16 02:09:54'),
(76, 'Asperiores ipsum et nobis et qui dolor atque.', 4, 8, 5, '2021-01-16 02:09:54', '2021-01-16 02:09:54'),
(77, 'Laboriosam sint rerum cumque ad voluptatem cumque accusamus et.', 5, 8, 5, '2021-01-16 02:09:54', '2021-01-16 02:09:54'),
(78, 'Rerum voluptatem enim numquam porro.', 3, 8, 1, '2021-01-16 02:09:54', '2021-01-16 02:09:54'),
(79, 'Sit iste officiis suscipit.', 9, 8, 8, '2021-01-16 02:09:54', '2021-01-16 02:09:54'),
(80, 'Molestias eum rerum quis.', 8, 8, 8, '2021-01-16 02:09:54', '2021-01-16 02:09:54'),
(81, 'Repellat voluptatum voluptatem praesentium et aut.', 6, 9, 6, '2021-01-16 02:09:58', '2021-01-16 02:09:58'),
(82, 'Tempore repellendus nostrum non.', 7, 9, 9, '2021-01-16 02:09:58', '2021-01-16 02:09:58'),
(83, 'Et deleniti porro iusto.', 2, 9, 9, '2021-01-16 02:09:58', '2021-01-16 02:09:58'),
(84, 'Amet eius vero maiores eius autem.', 3, 9, 9, '2021-01-16 02:09:58', '2021-01-16 02:09:58'),
(85, 'Sed quibusdam dolor pariatur illo et ex.', 7, 9, 8, '2021-01-16 02:09:58', '2021-01-16 02:09:58'),
(86, 'Commodi excepturi fuga illo reprehenderit repudiandae voluptatum id.', 2, 9, 8, '2021-01-16 02:09:58', '2021-01-16 02:09:58'),
(87, 'In assumenda numquam repellat neque nihil placeat molestiae.', 10, 9, 5, '2021-01-16 02:09:58', '2021-01-16 02:09:58'),
(88, 'Quia excepturi veritatis dolore enim aut reiciendis.', 1, 9, 8, '2021-01-16 02:09:59', '2021-01-16 02:09:59'),
(89, 'Nulla magni doloribus nulla ad autem.', 3, 9, 7, '2021-01-16 02:09:59', '2021-01-16 02:09:59'),
(90, 'Aspernatur reprehenderit sunt magnam tempora minus adipisci.', 1, 9, 3, '2021-01-16 02:09:59', '2021-01-16 02:09:59'),
(91, 'Officia architecto quis totam ea quia nobis voluptatem.', 2, 10, 2, '2021-01-16 02:10:03', '2021-01-16 02:10:03'),
(92, 'Fuga reiciendis occaecati sunt ea quia quas.', 5, 10, 1, '2021-01-16 02:10:03', '2021-01-16 02:10:03'),
(93, 'Et et eum aut mollitia.', 5, 10, 2, '2021-01-16 02:10:03', '2021-01-16 02:10:03'),
(94, 'Sed eveniet non et voluptatem ipsum quidem.', 6, 10, 1, '2021-01-16 02:10:03', '2021-01-16 02:10:03'),
(95, 'Unde architecto ut porro non veniam ipsam et.', 10, 10, 8, '2021-01-16 02:10:03', '2021-01-16 02:10:03'),
(96, 'Aut sit quod non officiis veniam saepe accusantium.', 8, 10, 1, '2021-01-16 02:10:03', '2021-01-16 02:10:03'),
(97, 'Doloribus porro voluptas ut odit voluptatem.', 4, 10, 3, '2021-01-16 02:10:04', '2021-01-16 02:10:04'),
(98, 'Aut quas cum vitae voluptas omnis expedita tempore.', 7, 10, 3, '2021-01-16 02:10:04', '2021-01-16 02:10:04'),
(99, 'Officia animi harum aut tempore quia officia atque.', 10, 10, 7, '2021-01-16 02:10:04', '2021-01-16 02:10:04'),
(100, 'Qui doloremque maxime voluptatem soluta.', 1, 10, 9, '2021-01-16 02:10:04', '2021-01-16 02:10:04');

-- --------------------------------------------------------

--
-- Table structure for table `rooms`
--

CREATE TABLE `rooms` (
  `id` bigint(20) UNSIGNED NOT NULL,
  `name` varchar(255) COLLATE utf8mb4_unicode_ci NOT NULL,
  `description` text COLLATE utf8mb4_unicode_ci NOT NULL,
  `price` double NOT NULL,
  `guest` int(11) NOT NULL,
  `hotel_id` bigint(20) UNSIGNED NOT NULL,
  `image` varchar(255) COLLATE utf8mb4_unicode_ci NOT NULL,
  `created_at` timestamp NULL DEFAULT NULL,
  `updated_at` timestamp NULL DEFAULT NULL
) ENGINE=InnoDB DEFAULT CHARSET=utf8mb4 COLLATE=utf8mb4_unicode_ci;

--
-- Dumping data for table `rooms`
--

INSERT INTO `rooms` (`id`, `name`, `description`, `price`, `guest`, `hotel_id`, `image`, `created_at`, `updated_at`) VALUES
(1, 'Iste vel.', 'Nihil facilis dolorum enim doloribus rerum voluptas eos eaque quo laborum id sapiente vitae a voluptatem dolorem non nesciunt distinctio nihil consequatur doloremque similique beatae eos perferendis dolores corrupti tempore quas error.', 306, 2, 1, 'room-13.jpg,room-14.jpg,room-15.jpg,room-16.jpg', '2021-01-16 02:09:14', '2021-01-16 02:09:14'),
(2, 'Ullam dicta.', 'Cum ipsa autem modi dolores sed minima delectus quo labore blanditiis et voluptatum animi rerum aliquid aut voluptatibus aliquid porro veniam ullam ea est amet sunt aliquid tenetur eum quas veritatis.', 200, 3, 1, 'room-17.jpg,room-18.jpg,room-19.jpg,room-20.jpg', '2021-01-16 02:09:14', '2021-01-16 02:09:14'),
(3, 'Dolorem maiores consequatur.', 'Aut quidem est et doloribus sit aliquam non laborum magni quaerat qui perferendis sint facilis voluptatem nihil inventore quod iusto non repudiandae autem porro ea tenetur velit voluptatem ducimus harum et molestias aperiam cum modi voluptatibus illo magni et deserunt voluptas omnis earum.', 106, 3, 1, 'room-1.jpg,room-2.jpg,room-3.jpg,room-4.jpg', '2021-01-16 02:09:14', '2021-01-16 02:09:14'),
(4, 'Est aliquam voluptatem.', 'Ut temporibus repellat explicabo aut saepe cum labore enim sunt qui quae facere tenetur dicta id vel ratione vitae qui ut quo necessitatibus nam possimus aut ut beatae aut et eius quia nihil ducimus qui ut repudiandae vitae nam sint dolor deleniti odit sed est consequatur unde sapiente commodi fugit saepe.', 920, 1, 1, 'room-5.jpg,room-6.jpg,room-7.jpg,room-8.jpg', '2021-01-16 02:09:14', '2021-01-16 02:09:14'),
(5, 'Incidunt labore.', 'Quo qui numquam dolor voluptas voluptatibus expedita rem sit aliquid in voluptas itaque veritatis expedita facere ea esse quam veritatis beatae soluta maiores quasi accusamus aperiam quas consequuntur mollitia ea et minima et a dignissimos exercitationem omnis cum quae veniam accusantium at voluptatem sit possimus.', 575, 1, 1, 'room-13.jpg,room-14.jpg,room-15.jpg,room-16.jpg', '2021-01-16 02:09:14', '2021-01-16 02:09:14'),
(6, 'Pariatur adipisci.', 'Perferendis sint facere omnis soluta unde ipsam omnis adipisci voluptatibus aut quia aspernatur laborum in ipsum ea natus beatae voluptas sint dolores voluptas qui voluptatem vel velit eum et esse ab velit rerum ea earum et perferendis dignissimos eveniet neque dolor deserunt aperiam eligendi quo facilis ut aspernatur autem illum porro voluptas quaerat laboriosam nobis recusandae vitae expedita.', 637, 3, 1, 'room-21.jpg,room-22.jpg,room-23.jpg,room-24.jpg', '2021-01-16 02:09:14', '2021-01-16 02:09:14'),
(7, 'Maiores veritatis.', 'Blanditiis tempora rerum rerum quidem consequatur qui et dolore accusamus explicabo repellendus cum animi dolorem amet dolorem tempore officiis quo in animi dolores cum tempore ut beatae voluptatum sed aliquid ut impedit error ut hic quibusdam pariatur et rerum vel optio itaque adipisci.', 612, 2, 1, 'room-17.jpg,room-18.jpg,room-19.jpg,room-20.jpg', '2021-01-16 02:09:14', '2021-01-16 02:09:14'),
(8, 'Ipsam amet nobis.', 'Delectus sit necessitatibus eum aut culpa reiciendis est dolores illum et libero accusamus accusantium alias quaerat praesentium ut odio a ducimus voluptatum autem perspiciatis corrupti aut minima ratione a veniam assumenda quo ipsam at dicta voluptate autem non veniam quia molestiae et consectetur veritatis dolor quae nam aut velit quo voluptate deserunt.', 616, 3, 1, 'room-13.jpg,room-14.jpg,room-15.jpg,room-16.jpg', '2021-01-16 02:09:14', '2021-01-16 02:09:14'),
(9, 'Sint quos.', 'Sunt fugiat non voluptatem optio minima quibusdam et est nobis aut corporis error eum quia quod nisi quos ullam et sint iusto dolorem architecto et non eligendi itaque veritatis alias voluptas voluptates enim unde et et adipisci autem laudantium voluptas voluptas rerum quidem voluptatibus.', 445, 3, 1, 'room-21.jpg,room-22.jpg,room-23.jpg,room-24.jpg', '2021-01-16 02:09:14', '2021-01-16 02:09:14'),
(10, 'Expedita sapiente.', 'Voluptatem quo officia atque adipisci velit debitis necessitatibus sint iure tempore illum quia vel dolor magni nesciunt adipisci officia ullam incidunt quia ut tempora ullam consequatur eaque eaque velit et ad rerum aspernatur aliquid consequatur nulla qui possimus ut aliquam corrupti perferendis eligendi quasi vel beatae architecto nam odio veritatis a illo et et maxime praesentium.', 157, 1, 1, 'room-17.jpg,room-18.jpg,room-19.jpg,room-20.jpg', '2021-01-16 02:09:14', '2021-01-16 02:09:14'),
(11, 'Eveniet reprehenderit alias.', 'Qui dignissimos pariatur nihil et asperiores saepe et distinctio necessitatibus quam deleniti cupiditate expedita architecto vitae deleniti aperiam nostrum a laboriosam asperiores expedita commodi aut eos in quia omnis numquam dolorem iste qui dolorum quos vel ipsam dolorum quas.', 103, 3, 2, 'room-5.jpg,room-6.jpg,room-7.jpg,room-8.jpg', '2021-01-16 02:09:19', '2021-01-16 02:09:19'),
(12, 'Ut eligendi.', 'Possimus molestias in velit quia ab expedita corrupti illo maiores est non voluptatem illo aut ab voluptatem omnis eius sit neque dolorem iure illum id et voluptas doloribus aliquam amet ut perferendis nihil omnis labore quidem sit doloribus ipsa tempora dolorem doloribus consequatur facilis voluptatem similique.', 192, 3, 2, 'room-9.jpg,room-10.jpg,room-11.jpg,room-12.jpg', '2021-01-16 02:09:19', '2021-01-16 02:09:19'),
(13, 'Quidem repudiandae.', 'Quo et quia aut autem aut corrupti magni nam officiis magni soluta magni ut minus omnis quos similique ea enim impedit at corrupti laborum neque praesentium architecto nihil perspiciatis aut recusandae laudantium et sunt eum voluptate quod ea molestiae ut voluptas rerum qui iusto iusto in nisi dolorem consectetur omnis sed ipsa reiciendis est qui expedita quo aspernatur possimus voluptatem sed.', 977, 3, 2, 'room-5.jpg,room-6.jpg,room-7.jpg,room-8.jpg', '2021-01-16 02:09:19', '2021-01-16 02:09:19'),
(14, 'Et et ea.', 'Necessitatibus sunt labore magni nemo ipsa in aperiam consequuntur explicabo est quam ex et cumque et sit facilis tenetur dolore repellat aut et voluptas ab consequatur pariatur vel reprehenderit incidunt autem quis velit et sint fugiat aut et vel vel in quasi sunt repellendus autem quisquam assumenda sint iure occaecati molestiae est dolore distinctio iure aut delectus repudiandae.', 709, 2, 2, 'room-21.jpg,room-22.jpg,room-23.jpg,room-24.jpg', '2021-01-16 02:09:19', '2021-01-16 02:09:19'),
(15, 'Est inventore.', 'Hic doloremque nam itaque et aliquid non ut et quidem et nam vero eos consequatur rem accusamus quia sunt non tenetur cupiditate vero doloribus facilis nesciunt dolore nihil eveniet quidem eum nesciunt.', 866, 2, 2, 'room-17.jpg,room-18.jpg,room-19.jpg,room-20.jpg', '2021-01-16 02:09:19', '2021-01-16 02:09:19'),
(16, 'Sunt consequuntur a.', 'Eos eum harum voluptatem qui aliquam officia est dolor ut dolor et modi libero deleniti delectus dicta ducimus laudantium ullam nam minus aut recusandae aut qui excepturi perferendis non qui eligendi consequuntur repellendus provident culpa ea corrupti in eaque excepturi qui doloribus labore maxime aperiam sequi incidunt quia laboriosam omnis asperiores architecto dicta omnis.', 452, 2, 2, 'room-17.jpg,room-18.jpg,room-19.jpg,room-20.jpg', '2021-01-16 02:09:19', '2021-01-16 02:09:19'),
(17, 'Tempore ut occaecati.', 'Quisquam hic architecto delectus numquam dolorem dolores iure est inventore quis est nobis dignissimos ea laborum porro deleniti debitis unde ea voluptate velit numquam et qui et ullam et et voluptate rem et aliquam impedit cum dolor sed voluptatibus tempora quisquam ipsa praesentium quo est fugit illum ut et quisquam quo at totam et qui et porro qui molestiae quo recusandae.', 994, 2, 2, 'room-21.jpg,room-22.jpg,room-23.jpg,room-24.jpg', '2021-01-16 02:09:19', '2021-01-16 02:09:19'),
(18, 'Non eum.', 'Tenetur animi velit voluptatum quibusdam voluptatibus occaecati tenetur aperiam veniam enim porro rem repellat ut quaerat qui aperiam quia quae sint et debitis sed mollitia beatae dolores sint sed modi nam minima nulla est molestiae eos consectetur consequuntur perferendis quia non aliquid voluptatum ipsam quia nihil aspernatur expedita dolorem nam et exercitationem est magnam.', 492, 2, 2, 'room-1.jpg,room-2.jpg,room-3.jpg,room-4.jpg', '2021-01-16 02:09:19', '2021-01-16 02:09:19'),
(19, 'Debitis ea quis.', 'Vel aut autem et natus omnis eos repellat omnis nostrum voluptatum repellat minus voluptatem iste consequatur maiores omnis est est eos et qui dolorem est facilis et eum dolores non rerum totam aperiam.', 438, 3, 2, 'room-21.jpg,room-22.jpg,room-23.jpg,room-24.jpg', '2021-01-16 02:09:19', '2021-01-16 02:09:19'),
(20, 'Autem molestias nesciunt.', 'Totam itaque est sed nihil cumque sint nisi quasi non omnis consequatur velit cum ut sit eligendi provident tempore error ipsam vitae consequatur distinctio quia est dicta consequatur error dolore tenetur.', 168, 2, 2, 'room-9.jpg,room-10.jpg,room-11.jpg,room-12.jpg', '2021-01-16 02:09:19', '2021-01-16 02:09:19'),
(21, 'Explicabo sed.', 'Vero necessitatibus natus temporibus optio consequatur consequatur nesciunt qui temporibus illum omnis repellat exercitationem cum consequatur voluptas fugiat quia sapiente temporibus sed at eum aut quos voluptate necessitatibus mollitia odit aspernatur aut reprehenderit saepe repellendus sunt harum totam ipsa iste iste earum qui doloremque non mollitia quaerat non.', 372, 3, 3, 'room-9.jpg,room-10.jpg,room-11.jpg,room-12.jpg', '2021-01-16 02:09:24', '2021-01-16 02:09:24'),
(22, 'Dicta repudiandae quidem.', 'Repellendus accusamus amet et alias dolorum alias aperiam eligendi quisquam nostrum ipsum quia sunt amet qui occaecati quo minima officiis sunt alias velit laudantium voluptatum amet explicabo minus provident.', 941, 1, 3, 'room-9.jpg,room-10.jpg,room-11.jpg,room-12.jpg', '2021-01-16 02:09:24', '2021-01-16 02:09:24'),
(23, 'Optio ut quod.', 'Maxime assumenda consequatur est ipsam nulla eveniet enim dolorum qui sapiente et nesciunt quaerat rerum sunt corrupti est illo at dolores porro delectus laudantium nulla voluptatem porro non asperiores eum nemo et assumenda natus quidem et omnis sint.', 889, 2, 3, 'room-13.jpg,room-14.jpg,room-15.jpg,room-16.jpg', '2021-01-16 02:09:24', '2021-01-16 02:09:24'),
(24, 'Distinctio ut qui.', 'Id ullam animi labore est velit magni quas quibusdam qui quos sed sit aut repellendus voluptatem est et earum itaque ullam pariatur sunt culpa nam reiciendis omnis rerum.', 380, 2, 3, 'room-5.jpg,room-6.jpg,room-7.jpg,room-8.jpg', '2021-01-16 02:09:24', '2021-01-16 02:09:24'),
(25, 'Est et.', 'Quae ut non iure sed suscipit nihil iusto cum ullam dolores optio voluptatum dolorem aut aut corporis et magni veritatis numquam nobis incidunt et eos esse iure excepturi voluptas saepe dignissimos placeat aut labore.', 998, 2, 3, 'room-5.jpg,room-6.jpg,room-7.jpg,room-8.jpg', '2021-01-16 02:09:24', '2021-01-16 02:09:24'),
(26, 'Id eos.', 'Iste aut hic earum minus in ut rem sit totam nihil iure autem officia atque fugiat rem aperiam aut quos sequi eligendi recusandae dolores corrupti id est aliquid necessitatibus officia officiis quo ad animi non ad quis nihil sapiente eos ad laboriosam exercitationem suscipit ea non amet laboriosam quae unde tenetur modi numquam non repellendus at non minima aut fuga est.', 400, 2, 3, 'room-21.jpg,room-22.jpg,room-23.jpg,room-24.jpg', '2021-01-16 02:09:24', '2021-01-16 02:09:24'),
(27, 'Consequatur omnis dolorum.', 'Enim eligendi molestiae est sunt fuga cupiditate ducimus ratione sunt culpa ullam consectetur corporis quos alias est enim repellendus iusto ratione sunt assumenda neque et minima sed accusantium culpa ipsam.', 615, 2, 3, 'room-9.jpg,room-10.jpg,room-11.jpg,room-12.jpg', '2021-01-16 02:09:24', '2021-01-16 02:09:24'),
(28, 'Et dolor libero.', 'Porro debitis quis nulla doloremque ut rerum harum sed nobis suscipit ut accusantium et reprehenderit cum enim vel ipsam accusamus ea nostrum nemo ipsa dolor est eveniet maxime eaque cupiditate iure itaque iure ipsum cum dolores et.', 437, 2, 3, 'room-17.jpg,room-18.jpg,room-19.jpg,room-20.jpg', '2021-01-16 02:09:24', '2021-01-16 02:09:24'),
(29, 'Eveniet asperiores ullam.', 'Enim voluptatem neque autem blanditiis laudantium voluptatem laborum ut et qui et a sed qui et aut ex ad enim omnis sed dolores est consectetur ut sit aspernatur ut accusamus rem nihil est similique.', 801, 3, 3, 'room-5.jpg,room-6.jpg,room-7.jpg,room-8.jpg', '2021-01-16 02:09:24', '2021-01-16 02:09:24'),
(30, 'Qui soluta.', 'Quia odio illum et a dolorum vel voluptatem ut quia dolorem architecto rerum velit qui nihil vero ut ullam consequatur dolorum iste corrupti libero totam magnam minima asperiores quisquam praesentium eos ad atque tempore animi et aut repudiandae nesciunt nemo deserunt fugiat reiciendis aut.', 905, 2, 3, 'room-13.jpg,room-14.jpg,room-15.jpg,room-16.jpg', '2021-01-16 02:09:24', '2021-01-16 02:09:24'),
(31, 'Ea excepturi.', 'Consequatur illum ex omnis aliquam aliquid at laborum dolorem porro non id facere dolores eaque dolorem distinctio qui dolores harum nam sit cum voluptas rerum laboriosam quia eveniet nobis labore.', 383, 3, 4, 'room-1.jpg,room-2.jpg,room-3.jpg,room-4.jpg', '2021-01-16 02:09:29', '2021-01-16 02:09:29'),
(32, 'Reiciendis quibusdam.', 'Quo sunt nisi totam iure et molestias recusandae repellat perferendis magnam est animi vero ut maxime esse cum omnis animi sed ab qui nostrum error ea modi at nam ad et assumenda omnis velit ut architecto recusandae et animi delectus explicabo modi sunt pariatur odit aut quisquam distinctio libero et dolorem sequi consequatur provident ex ut earum.', 748, 3, 4, 'room-21.jpg,room-22.jpg,room-23.jpg,room-24.jpg', '2021-01-16 02:09:29', '2021-01-16 02:09:29'),
(33, 'Rerum ab.', 'Quia aut ut nostrum dolor explicabo distinctio sed distinctio asperiores maxime at fuga nihil quia in omnis et et ea qui fugiat fugit quia ipsam dignissimos laudantium placeat aut occaecati et explicabo quis impedit omnis commodi dolorem dolor pariatur ut voluptas et sed modi consectetur ullam fugit delectus tenetur ut nisi est expedita provident ut iste aperiam porro nesciunt.', 849, 1, 4, 'room-5.jpg,room-6.jpg,room-7.jpg,room-8.jpg', '2021-01-16 02:09:29', '2021-01-16 02:09:29'),
(34, 'Facilis aut.', 'Ut ipsam at quae dignissimos soluta quaerat nihil iusto sed itaque debitis sed dolor eos aut nobis est ipsam quod perspiciatis et ad sed at sed et voluptatibus reiciendis rerum quod corporis sed ipsa molestiae ut voluptates porro et quod ipsa dolores nostrum et error provident voluptatem earum quidem qui quam sit consectetur at quia consectetur molestiae occaecati sunt.', 149, 1, 4, 'room-9.jpg,room-10.jpg,room-11.jpg,room-12.jpg', '2021-01-16 02:09:29', '2021-01-16 02:09:29'),
(35, 'Itaque nihil.', 'Adipisci harum voluptatem aut deleniti molestias odio dolore sit repellendus ipsum quia laborum id ab inventore non officiis nihil quis aut et officiis qui voluptatem voluptas ad ducimus accusamus quo quis facere earum dolor sed aliquam et eveniet suscipit voluptas itaque nisi nesciunt unde vero atque dolores nam molestias ut natus ut.', 942, 2, 4, 'room-17.jpg,room-18.jpg,room-19.jpg,room-20.jpg', '2021-01-16 02:09:29', '2021-01-16 02:09:29'),
(36, 'A sunt.', 'Modi voluptatibus architecto cumque voluptate quod id aut corrupti illum accusantium aut occaecati omnis quo aliquid id occaecati iste nisi ut esse vitae nulla blanditiis saepe explicabo velit culpa accusantium consequatur repellendus est non repellat veniam harum nemo id deserunt aut et rerum quo quis.', 412, 2, 4, 'room-17.jpg,room-18.jpg,room-19.jpg,room-20.jpg', '2021-01-16 02:09:29', '2021-01-16 02:09:29'),
(37, 'In quia quod.', 'Veritatis amet velit in suscipit enim sit qui ipsam odio quo ullam ea rerum magnam consequatur et ut nemo minus illum voluptas vel autem sint nisi quis id maiores quia veritatis exercitationem autem porro qui eos numquam neque ea id ut sunt vel odio illum a assumenda vel aut ut officiis id vel magnam exercitationem iure consectetur aut.', 512, 2, 4, 'room-1.jpg,room-2.jpg,room-3.jpg,room-4.jpg', '2021-01-16 02:09:29', '2021-01-16 02:09:29'),
(38, 'Illo nulla.', 'Ullam aspernatur rerum perspiciatis repellat quia eaque et corrupti illo repellendus aut sed id eum sed voluptatem explicabo esse cum necessitatibus ut sit et sed at recusandae recusandae asperiores vel in et cum libero sit.', 381, 2, 4, 'room-13.jpg,room-14.jpg,room-15.jpg,room-16.jpg', '2021-01-16 02:09:29', '2021-01-16 02:09:29'),
(39, 'Soluta temporibus magni.', 'Hic sit eaque nam suscipit asperiores sit qui non quos nulla a est aliquam laudantium illum alias quibusdam quae sint aliquam corrupti rerum ea vitae nihil vel veniam aut dignissimos est reprehenderit natus sequi ipsa dolor officia quidem nemo velit ipsum mollitia iste.', 243, 3, 4, 'room-17.jpg,room-18.jpg,room-19.jpg,room-20.jpg', '2021-01-16 02:09:29', '2021-01-16 02:09:29'),
(40, 'Nobis sint.', 'Aut excepturi et doloribus omnis est ducimus ratione id debitis tempore consequuntur et quibusdam nihil sed et facere aut reiciendis iste voluptas sunt nihil eos tempore sint pariatur omnis vitae sunt debitis reiciendis sunt dolor voluptatem id animi rem voluptate laborum molestias unde sunt blanditiis cumque est blanditiis consequuntur et qui dolorem ducimus et quo consectetur exercitationem cupiditate quas.', 267, 3, 4, 'room-9.jpg,room-10.jpg,room-11.jpg,room-12.jpg', '2021-01-16 02:09:29', '2021-01-16 02:09:29'),
(41, 'Nesciunt ut inventore.', 'Eius voluptatem aut reprehenderit doloremque non quasi tempore dolorem distinctio temporibus eius ut repellendus repudiandae dicta unde eaque minus et eius veniam fuga omnis laborum velit quia non culpa eligendi pariatur quas beatae incidunt ex aut repellat voluptatem velit molestias labore.', 548, 2, 5, 'room-17.jpg,room-18.jpg,room-19.jpg,room-20.jpg', '2021-01-16 02:09:34', '2021-01-16 02:09:34'),
(42, 'Hic aspernatur rerum.', 'Quae sapiente sunt ex quas dolor et et rerum porro rerum voluptatem eveniet rerum ab consequatur et accusamus consequatur sint sunt laborum omnis sit voluptatem mollitia amet in ullam sapiente ea nam dolore et mollitia labore delectus facere dolorum distinctio vel magni dolor sed distinctio.', 606, 2, 5, 'room-17.jpg,room-18.jpg,room-19.jpg,room-20.jpg', '2021-01-16 02:09:34', '2021-01-16 02:09:34'),
(43, 'Facilis voluptatibus.', 'Numquam nesciunt consequatur quia quam itaque necessitatibus temporibus repellendus sunt ut molestiae quia ut quis beatae aut asperiores cupiditate minus quae dolorem eos fugit illo ut qui aut est necessitatibus id hic fugiat rem quo reprehenderit dolorum debitis aspernatur quia rerum ipsa non quia.', 784, 3, 5, 'room-13.jpg,room-14.jpg,room-15.jpg,room-16.jpg', '2021-01-16 02:09:34', '2021-01-16 02:09:34'),
(44, 'Et corrupti laborum.', 'Ex rerum commodi nostrum qui ut laborum ducimus blanditiis blanditiis odio aut temporibus blanditiis ut iusto laboriosam inventore qui nam totam voluptates adipisci est ad ex illum illo nemo modi laudantium qui eius modi nihil et incidunt aspernatur illo eum vel est nisi est pariatur voluptas omnis et non inventore voluptatem eligendi.', 714, 3, 5, 'room-17.jpg,room-18.jpg,room-19.jpg,room-20.jpg', '2021-01-16 02:09:34', '2021-01-16 02:09:34'),
(45, 'Distinctio eveniet.', 'Pariatur debitis ab occaecati est quasi nam laboriosam aut ab occaecati ea voluptatibus praesentium ullam nemo aliquid consequuntur qui natus consequuntur consequatur non dolores unde sint velit quia esse officia veritatis sequi ut et omnis quia praesentium et repellat asperiores.', 736, 3, 5, 'room-13.jpg,room-14.jpg,room-15.jpg,room-16.jpg', '2021-01-16 02:09:34', '2021-01-16 02:09:34'),
(46, 'Odio amet.', 'Et quos facere id repellat expedita voluptatum quaerat praesentium voluptas odit cupiditate assumenda voluptate vero quisquam quia qui nostrum in deserunt earum aut et nihil veritatis eaque consequatur totam molestiae omnis debitis ipsum laudantium dolore omnis veniam eos aut vitae et aut consectetur et inventore cupiditate dolore id qui voluptatem aspernatur voluptatem id aut ab sit.', 527, 2, 5, 'room-21.jpg,room-22.jpg,room-23.jpg,room-24.jpg', '2021-01-16 02:09:34', '2021-01-16 02:09:34'),
(47, 'Voluptatem omnis.', 'Eveniet quaerat libero velit voluptatum commodi quod in et consequuntur in est vel similique alias eaque in et vitae qui autem in et et quam quis quo voluptas optio placeat vitae facilis impedit illo doloribus.', 982, 1, 5, 'room-5.jpg,room-6.jpg,room-7.jpg,room-8.jpg', '2021-01-16 02:09:34', '2021-01-16 02:09:34'),
(48, 'Quod amet consequatur.', 'Voluptatum quam dolor consequatur dolor repudiandae in ut quod magni rerum distinctio cum sit veritatis cupiditate excepturi quaerat tempora quos voluptatum cumque molestias et laudantium non laboriosam velit harum placeat est odio illo odit labore a non voluptatem odio eum ut maxime deserunt adipisci quia et voluptas voluptatum expedita suscipit dolores.', 128, 2, 5, 'room-5.jpg,room-6.jpg,room-7.jpg,room-8.jpg', '2021-01-16 02:09:34', '2021-01-16 02:09:34'),
(49, 'Officia vero.', 'Enim corrupti in pariatur sit rerum et sint ullam distinctio illo voluptas nulla dolorem beatae enim est quia dicta quo est error dolorem autem rerum non quas quae beatae inventore ut omnis magnam nostrum perspiciatis sint omnis architecto nostrum iure et ut quia asperiores molestiae debitis quo quo debitis.', 921, 1, 5, 'room-1.jpg,room-2.jpg,room-3.jpg,room-4.jpg', '2021-01-16 02:09:34', '2021-01-16 02:09:34'),
(50, 'Hic a ratione.', 'Velit sapiente harum velit illum et sapiente dolorum error voluptas nihil dolores non eum dolores voluptatem omnis mollitia beatae voluptas consectetur qui impedit id voluptas dolorum magnam sequi quos exercitationem ut accusantium dolores ipsam veniam eum et et omnis nobis nihil impedit aut dolor labore molestias recusandae ut est sunt et officia est alias inventore omnis.', 923, 1, 5, 'room-9.jpg,room-10.jpg,room-11.jpg,room-12.jpg', '2021-01-16 02:09:35', '2021-01-16 02:09:35'),
(51, 'Excepturi commodi.', 'Placeat qui et et exercitationem sunt quos incidunt quidem aut officia rerum rem autem asperiores saepe rerum perspiciatis voluptas modi incidunt officiis aperiam molestiae nihil a quo dolor et quam est.', 547, 2, 6, 'room-9.jpg,room-10.jpg,room-11.jpg,room-12.jpg', '2021-01-16 02:09:39', '2021-01-16 02:09:39'),
(52, 'Consectetur sit ipsa.', 'Esse nihil tempora quae nulla quas eveniet ullam officia rerum non nam id officia quis non laborum dolore corporis ducimus quis tempora quo veniam dignissimos illum et sed quo autem corrupti officia veniam nobis vel aut cumque cumque labore.', 742, 3, 6, 'room-13.jpg,room-14.jpg,room-15.jpg,room-16.jpg', '2021-01-16 02:09:39', '2021-01-16 02:09:39'),
(53, 'Error blanditiis voluptatibus.', 'Laudantium quasi blanditiis in et molestiae quia itaque ad ipsa laboriosam autem consequatur ex perspiciatis hic omnis eos laudantium rem nesciunt et accusantium qui pariatur dolor deleniti atque praesentium rerum voluptatem nisi facere dolorum accusamus ipsum cupiditate et dolor nulla hic dolores consequatur veritatis deserunt corrupti asperiores provident sint.', 842, 1, 6, 'room-13.jpg,room-14.jpg,room-15.jpg,room-16.jpg', '2021-01-16 02:09:39', '2021-01-16 02:09:39'),
(54, 'Sit recusandae.', 'Aspernatur et soluta autem corporis sed necessitatibus maiores perspiciatis beatae possimus aut culpa nihil ea natus iusto natus quod nemo iste in voluptas ut culpa possimus ad expedita pariatur aut non amet autem aut libero repellendus fugiat commodi voluptatem quo alias iste aliquid perferendis atque sint nulla.', 513, 2, 6, 'room-9.jpg,room-10.jpg,room-11.jpg,room-12.jpg', '2021-01-16 02:09:39', '2021-01-16 02:09:39'),
(55, 'Dolor consequuntur libero.', 'Ut fugit aut aut ut recusandae id totam architecto sunt nisi quo ut voluptatem architecto non sed non placeat ut consequatur placeat doloribus voluptas quia et sint.', 755, 2, 6, 'room-1.jpg,room-2.jpg,room-3.jpg,room-4.jpg', '2021-01-16 02:09:39', '2021-01-16 02:09:39'),
(56, 'Dolores voluptatum consequatur.', 'Commodi qui quae quas omnis molestias veniam nostrum inventore officiis neque numquam non ex doloribus aut vel nam rerum sint tempora non ut qui reiciendis aut asperiores voluptas ex iste consectetur sunt autem.', 177, 2, 6, 'room-9.jpg,room-10.jpg,room-11.jpg,room-12.jpg', '2021-01-16 02:09:39', '2021-01-16 02:09:39'),
(57, 'Deleniti perferendis impedit.', 'Harum voluptates iusto maxime et quisquam a placeat omnis maiores sunt consequuntur perferendis totam aliquid voluptatibus et laborum laborum qui neque aut iure voluptatibus aut nisi vel velit commodi velit voluptatibus dignissimos est exercitationem natus maxime officiis repellat nulla ullam commodi eum autem nihil id illum quia tempore perspiciatis eos et dolorem et enim cupiditate distinctio et cupiditate quae sunt ut.', 405, 1, 6, 'room-9.jpg,room-10.jpg,room-11.jpg,room-12.jpg', '2021-01-16 02:09:39', '2021-01-16 02:09:39'),
(58, 'Dolorem dolorum sed.', 'Aut est deleniti ut qui tempora repellat vel repellendus magnam quod voluptate alias omnis repellendus dolorem quia modi temporibus quasi et aliquam praesentium provident velit esse deserunt exercitationem maxime corrupti quis voluptatibus aut suscipit quasi a doloribus magnam est harum id aspernatur aut porro nobis eos.', 631, 1, 6, 'room-9.jpg,room-10.jpg,room-11.jpg,room-12.jpg', '2021-01-16 02:09:39', '2021-01-16 02:09:39'),
(59, 'Ut qui.', 'Distinctio reiciendis soluta nihil consectetur reiciendis aut qui explicabo eius modi qui debitis et quidem officia dolores perspiciatis ut expedita tempore quidem officia id iste quam voluptas quidem quaerat laborum ut et ut sed et fuga aspernatur amet aut quo quia omnis sed deserunt vel beatae nobis aspernatur id aperiam perspiciatis perferendis in deleniti quo eius.', 379, 2, 6, 'room-9.jpg,room-10.jpg,room-11.jpg,room-12.jpg', '2021-01-16 02:09:39', '2021-01-16 02:09:39'),
(60, 'Aut aut nihil.', 'Est neque optio quia consequatur optio placeat ratione placeat eius et voluptate explicabo doloremque exercitationem ea quis neque labore eaque perspiciatis iste atque voluptatum in esse dolores nihil et ipsa nesciunt aperiam quo magnam et eligendi sit sed consequuntur eos ullam aut esse ut rerum pariatur.', 953, 2, 6, 'room-1.jpg,room-2.jpg,room-3.jpg,room-4.jpg', '2021-01-16 02:09:39', '2021-01-16 02:09:39'),
(61, 'Architecto quia maxime.', 'Porro at repudiandae minus dolorem architecto modi assumenda facere sed est libero delectus amet voluptas dolorem sint sit dolor aut voluptatem dolores quia consequatur consectetur et aut consequatur earum in et est libero et in repellat perspiciatis magnam optio quos hic nesciunt id hic similique quo illum omnis.', 961, 3, 7, 'room-5.jpg,room-6.jpg,room-7.jpg,room-8.jpg', '2021-01-16 02:09:44', '2021-01-16 02:09:44'),
(62, 'Vel est.', 'Ea voluptate quaerat aperiam sed consequatur facilis et aut pariatur quaerat dolorem voluptate qui aut sed minima rem explicabo laboriosam architecto repellat eius consequatur harum laudantium rerum velit necessitatibus eos dolor et doloremque beatae qui numquam deleniti occaecati numquam sed et magnam repellendus quo corrupti harum reiciendis ab sed et ut omnis eaque alias amet et cupiditate excepturi officia sed in ut.', 407, 1, 7, 'room-1.jpg,room-2.jpg,room-3.jpg,room-4.jpg', '2021-01-16 02:09:44', '2021-01-16 02:09:44'),
(63, 'Rerum temporibus nemo.', 'Accusantium ut modi et et eius quisquam tempora eius ex quia ut eaque facere repellendus explicabo ea occaecati in quia sequi natus qui voluptatem maxime velit consequatur eligendi voluptas eligendi quia amet recusandae dolore sed inventore qui illum.', 734, 2, 7, 'room-21.jpg,room-22.jpg,room-23.jpg,room-24.jpg', '2021-01-16 02:09:44', '2021-01-16 02:09:44'),
(64, 'Eius id autem.', 'Explicabo aspernatur nulla aliquid quia aliquam officiis reiciendis quia labore voluptatem aliquid sunt vitae sed quaerat illum ex rerum et fuga aut ipsum fugit doloribus quas ut aut atque vitae itaque enim quis sint fugit sed.', 122, 1, 7, 'room-13.jpg,room-14.jpg,room-15.jpg,room-16.jpg', '2021-01-16 02:09:44', '2021-01-16 02:09:44'),
(65, 'Sequi ut eaque.', 'Quod sequi earum consectetur quidem quisquam et hic quis et quasi et qui aut officiis eligendi aut pariatur dolore dolores earum ut facilis aperiam unde distinctio sit aspernatur incidunt velit et magnam repellendus dignissimos ex qui.', 920, 2, 7, 'room-9.jpg,room-10.jpg,room-11.jpg,room-12.jpg', '2021-01-16 02:09:44', '2021-01-16 02:09:44'),
(66, 'Quia itaque.', 'Harum et soluta nostrum aspernatur et iusto laboriosam delectus aliquam hic minus consequatur quia sint voluptas placeat eum consequatur molestiae quo ut vero dicta eius quod occaecati aspernatur eaque facere veritatis in unde ipsa inventore similique.', 610, 2, 7, 'room-1.jpg,room-2.jpg,room-3.jpg,room-4.jpg', '2021-01-16 02:09:44', '2021-01-16 02:09:44'),
(67, 'Quo aut.', 'Fugiat eos quam reiciendis iusto omnis et adipisci mollitia eligendi unde omnis ea hic enim nesciunt sit et cum aliquid modi pariatur sit ut molestias et qui distinctio deserunt sunt ut nobis doloribus placeat iure ipsa alias laboriosam et optio maiores et ut necessitatibus harum vel nobis corrupti sit aspernatur voluptates omnis ut quis id est accusantium aut.', 156, 1, 7, 'room-5.jpg,room-6.jpg,room-7.jpg,room-8.jpg', '2021-01-16 02:09:44', '2021-01-16 02:09:44'),
(68, 'Dolore voluptatibus.', 'Et quo qui quidem autem quisquam quia quo temporibus consequatur provident iste et recusandae itaque inventore optio et qui possimus veniam ipsam aperiam ipsum ea distinctio laudantium in harum qui harum tenetur maiores cum aut eos eligendi sequi possimus dolor perspiciatis autem quo eum ut dolor nisi vero repudiandae assumenda rem eaque rerum molestiae non iusto.', 182, 1, 7, 'room-5.jpg,room-6.jpg,room-7.jpg,room-8.jpg', '2021-01-16 02:09:45', '2021-01-16 02:09:45'),
(69, 'Officia sit incidunt.', 'Omnis at accusamus quia eius autem unde aliquam ullam praesentium vero accusamus voluptatum est quae doloribus unde aut et ut dolorum dolorem libero vel quis nihil voluptatum libero perferendis laboriosam molestiae sint dicta beatae ducimus consequatur et aliquid molestiae.', 324, 1, 7, 'room-13.jpg,room-14.jpg,room-15.jpg,room-16.jpg', '2021-01-16 02:09:45', '2021-01-16 02:09:45'),
(70, 'Sunt fugit.', 'Ipsa et ut error sapiente in quam ut laboriosam et doloribus aspernatur voluptatem odit assumenda fuga eum qui voluptas commodi culpa esse eligendi itaque cum pariatur voluptates omnis hic incidunt at ipsa aut aut quis praesentium est aperiam rerum facilis et voluptatibus quas asperiores minus reiciendis alias non magni omnis earum ullam.', 318, 2, 7, 'room-21.jpg,room-22.jpg,room-23.jpg,room-24.jpg', '2021-01-16 02:09:45', '2021-01-16 02:09:45'),
(71, 'Nam et nobis.', 'Rerum itaque placeat dolorum vitae aut perspiciatis quia harum earum hic non aut voluptatum ullam accusamus et sed esse in exercitationem culpa reprehenderit quae consectetur labore ipsam animi rem sunt sunt aspernatur illum omnis qui id rerum veniam magni exercitationem quod.', 451, 3, 8, 'room-5.jpg,room-6.jpg,room-7.jpg,room-8.jpg', '2021-01-16 02:09:49', '2021-01-16 02:09:49'),
(72, 'Repellendus ratione quos.', 'Non quis fugiat vel sunt est asperiores sapiente corporis et illum nam fugit maiores officia sint autem ex qui saepe ab quasi vitae expedita ex unde illo.', 667, 2, 8, 'room-5.jpg,room-6.jpg,room-7.jpg,room-8.jpg', '2021-01-16 02:09:49', '2021-01-16 02:09:49'),
(73, 'Voluptatibus praesentium.', 'Molestiae repellendus doloribus aliquid voluptatibus dolore a non aut assumenda ut quaerat veritatis et unde asperiores fugiat reprehenderit libero in aliquid suscipit repellat voluptas voluptatem ut aut aspernatur qui laboriosam explicabo sit voluptatem minima atque non fugit fuga hic eos blanditiis odio excepturi ipsum esse nihil porro voluptates laudantium magnam ab quibusdam veritatis ratione eaque vel omnis qui eos quod.', 887, 1, 8, 'room-17.jpg,room-18.jpg,room-19.jpg,room-20.jpg', '2021-01-16 02:09:49', '2021-01-16 02:09:49'),
(74, 'Deleniti quia autem.', 'Excepturi molestiae quas autem at voluptatem voluptatibus autem possimus a perspiciatis molestias excepturi et numquam corrupti nostrum et odio nihil recusandae nostrum et accusamus et et recusandae saepe nihil voluptatem sint non inventore omnis minus minus optio blanditiis eius repellendus at voluptates fugiat veritatis aut ea maxime aut qui tenetur est omnis non accusantium debitis quibusdam.', 105, 3, 8, 'room-1.jpg,room-2.jpg,room-3.jpg,room-4.jpg', '2021-01-16 02:09:49', '2021-01-16 02:09:49'),
(75, 'Soluta id.', 'Minima repellendus esse perspiciatis et sint nostrum odit voluptatem earum iste nesciunt tempore voluptate voluptatem perspiciatis laudantium eos maiores inventore repudiandae ut error temporibus voluptates ea nobis dolore nam quod aspernatur consequuntur beatae dicta sapiente explicabo et.', 645, 3, 8, 'room-9.jpg,room-10.jpg,room-11.jpg,room-12.jpg', '2021-01-16 02:09:49', '2021-01-16 02:09:49'),
(76, 'Quisquam et.', 'Amet similique nihil aut asperiores porro recusandae neque qui iusto repellat tenetur tenetur velit dolor minus quasi voluptate repellat et nam aut eveniet qui fuga natus delectus facere animi beatae non fuga consequatur libero officiis eos omnis suscipit doloremque suscipit et repellat.', 451, 1, 8, 'room-17.jpg,room-18.jpg,room-19.jpg,room-20.jpg', '2021-01-16 02:09:49', '2021-01-16 02:09:49'),
(77, 'Corrupti rerum.', 'Impedit delectus velit mollitia eveniet qui necessitatibus voluptatum rem quidem reprehenderit id autem accusantium enim nemo veniam illo fuga enim vero sit perferendis explicabo velit nulla tempora necessitatibus officia eaque ut tempora ab harum molestiae enim deleniti et est illum natus laborum rerum eius suscipit doloribus ex eos veritatis impedit cum facilis dignissimos assumenda reprehenderit sint iusto.', 401, 3, 8, 'room-21.jpg,room-22.jpg,room-23.jpg,room-24.jpg', '2021-01-16 02:09:49', '2021-01-16 02:09:49'),
(78, 'Possimus doloribus.', 'Incidunt expedita numquam aliquam ipsa ullam beatae molestiae non hic itaque incidunt voluptatem autem autem eveniet repudiandae ut odio est eos et optio iusto reprehenderit enim fugit tenetur itaque iure modi deserunt quos autem eius esse veritatis nostrum voluptas molestias rerum minima eveniet expedita.', 442, 3, 8, 'room-5.jpg,room-6.jpg,room-7.jpg,room-8.jpg', '2021-01-16 02:09:49', '2021-01-16 02:09:49'),
(79, 'Debitis consequuntur inventore.', 'Sunt molestiae numquam quidem adipisci rem et maiores temporibus hic pariatur eos quam aut et adipisci neque cumque labore ex omnis sit maxime animi eos optio cumque perferendis inventore non quia et ut illo est rerum sed qui facere consequatur et autem sunt.', 199, 2, 8, 'room-13.jpg,room-14.jpg,room-15.jpg,room-16.jpg', '2021-01-16 02:09:50', '2021-01-16 02:09:50'),
(80, 'Est sed omnis.', 'Corrupti eligendi aliquid deleniti sed est minima exercitationem sed dolores iure laboriosam optio dolores cumque dolorum illum ut est nemo et veritatis optio ipsa aut non voluptatibus non exercitationem cum harum et eaque modi sint enim beatae et ad occaecati.', 564, 2, 8, 'room-13.jpg,room-14.jpg,room-15.jpg,room-16.jpg', '2021-01-16 02:09:50', '2021-01-16 02:09:50'),
(81, 'Qui cumque nostrum.', 'Dolor accusamus explicabo ipsum blanditiis placeat rerum dolorum exercitationem accusantium ratione dicta accusamus aut molestias porro amet a fugit est voluptatem error asperiores magnam dignissimos vero a voluptatem ad atque sit laboriosam laudantium qui modi minima ut.', 163, 2, 9, 'room-9.jpg,room-10.jpg,room-11.jpg,room-12.jpg', '2021-01-16 02:09:54', '2021-01-16 02:09:54'),
(82, 'Illo accusantium sit.', 'Cumque et vel voluptas optio optio iste praesentium quam cupiditate ut ea maxime est aspernatur odio et illo quasi aut aspernatur aliquid illum labore et ea libero quos deleniti ab veniam optio mollitia in doloribus eius ab commodi porro numquam quae consequatur aut voluptatum animi molestiae qui quod id.', 484, 2, 9, 'room-1.jpg,room-2.jpg,room-3.jpg,room-4.jpg', '2021-01-16 02:09:54', '2021-01-16 02:09:54'),
(83, 'Ab quod aut.', 'Quia vero molestias repellendus veritatis maiores asperiores accusamus iure sit consequatur et sit quibusdam neque molestias consectetur perspiciatis qui ullam ea qui quibusdam iure vel possimus omnis adipisci et rerum recusandae sint ut magnam quas tempore aut totam.', 899, 1, 9, 'room-9.jpg,room-10.jpg,room-11.jpg,room-12.jpg', '2021-01-16 02:09:54', '2021-01-16 02:09:54'),
(84, 'In quam.', 'Libero et id voluptatibus nisi earum officiis voluptas libero quia dicta totam ullam quia repudiandae ea corrupti maiores ut id repellendus sunt sed aut velit beatae et quo debitis dicta.', 787, 3, 9, 'room-13.jpg,room-14.jpg,room-15.jpg,room-16.jpg', '2021-01-16 02:09:54', '2021-01-16 02:09:54'),
(85, 'Iusto quasi.', 'A nisi consectetur dolore cum dolor voluptas adipisci quod ad hic nisi eos voluptates et eos quae ab similique quos distinctio hic aliquid aperiam iure odio modi repellat autem sunt quasi quia est id aut fuga rerum est quia vel ullam rerum sed laudantium ea quam quia ut dolores autem eaque veniam nostrum explicabo consequatur delectus.', 355, 2, 9, 'room-9.jpg,room-10.jpg,room-11.jpg,room-12.jpg', '2021-01-16 02:09:54', '2021-01-16 02:09:54'),
(86, 'Architecto quasi.', 'Magni quia excepturi aut modi consequatur odit distinctio hic sit est modi quia fugiat aut est sit esse exercitationem eos accusamus sit nemo sint modi maxime est omnis nulla qui unde qui perferendis rerum ducimus non est rerum sunt corrupti officia iure.', 729, 2, 9, 'room-5.jpg,room-6.jpg,room-7.jpg,room-8.jpg', '2021-01-16 02:09:54', '2021-01-16 02:09:54'),
(87, 'Adipisci culpa.', 'Consequatur quia soluta corrupti dolore dolorum dolore sunt ab culpa quod dolores beatae vitae quae adipisci voluptatem ad commodi voluptatem porro dignissimos est quia rerum veniam non eius iste sint harum omnis ipsam quia omnis laborum unde aut quo repellat ullam id nihil facere possimus similique laudantium fugit rem hic alias est facere autem beatae iusto.', 545, 2, 9, 'room-21.jpg,room-22.jpg,room-23.jpg,room-24.jpg', '2021-01-16 02:09:54', '2021-01-16 02:09:54'),
(88, 'Sint perferendis.', 'Nesciunt autem ipsum aliquid est qui quisquam impedit necessitatibus quaerat dolore provident modi dolore consequatur officiis possimus rerum explicabo earum ad dolor et id debitis perspiciatis dolores totam quis possimus voluptatem dolores pariatur aliquam quam amet accusamus quae soluta autem rerum quod et enim mollitia aut dicta corrupti accusamus aut repellendus numquam sequi eos.', 404, 2, 9, 'room-13.jpg,room-14.jpg,room-15.jpg,room-16.jpg', '2021-01-16 02:09:54', '2021-01-16 02:09:54'),
(89, 'Suscipit soluta sunt.', 'Repellat quia pariatur ipsa ipsum voluptatem inventore autem architecto reiciendis voluptatem porro vel odit ea perspiciatis consequuntur et sed in unde recusandae quo praesentium ut inventore vitae id nemo harum voluptates natus perspiciatis beatae minus ut necessitatibus iste ratione non eum ipsam impedit est sit.', 107, 3, 9, 'room-13.jpg,room-14.jpg,room-15.jpg,room-16.jpg', '2021-01-16 02:09:54', '2021-01-16 02:09:54'),
(90, 'Pariatur magnam.', 'Aut aut rem voluptas est et maiores sit nisi eos explicabo culpa facilis sed id nisi in ut rerum doloribus qui tempora sint et dolores temporibus aspernatur et ex aut est et architecto voluptas expedita blanditiis eaque quis adipisci consequatur eius laborum velit ut voluptate accusantium nihil aut eaque beatae hic animi omnis pariatur laborum doloremque quia possimus praesentium consequatur.', 585, 1, 9, 'room-5.jpg,room-6.jpg,room-7.jpg,room-8.jpg', '2021-01-16 02:09:54', '2021-01-16 02:09:54'),
(91, 'Dolores consequatur.', 'Reprehenderit accusamus ad est eveniet nemo culpa corrupti voluptas assumenda voluptatum qui ut fuga et quas provident accusamus sequi quo repellat odio neque perspiciatis nam vel dignissimos est et rerum veniam voluptates qui nam qui maiores in.', 646, 1, 10, 'room-13.jpg,room-14.jpg,room-15.jpg,room-16.jpg', '2021-01-16 02:09:59', '2021-01-16 02:09:59'),
(92, 'Amet sed consectetur.', 'Ut illo perferendis incidunt et dolorem aut inventore vitae fuga impedit nesciunt earum asperiores maxime ad quisquam temporibus vel in quidem enim deserunt itaque nisi sit repellendus sed sint quo earum aut est corrupti nemo ea maxime et maiores soluta corrupti cupiditate et et voluptates itaque sit aspernatur architecto iusto soluta et.', 845, 2, 10, 'room-1.jpg,room-2.jpg,room-3.jpg,room-4.jpg', '2021-01-16 02:09:59', '2021-01-16 02:09:59'),
(93, 'Numquam vel.', 'Et itaque enim ipsum voluptates eaque nihil eum qui quidem nesciunt non aspernatur dignissimos quo est molestiae aut natus distinctio dolorum voluptatem tenetur doloribus et eum aut in minima quia nam qui voluptatibus ipsa facere in autem magnam id at facere deleniti aliquam odit dolorum voluptas aut et et veritatis.', 619, 1, 10, 'room-13.jpg,room-14.jpg,room-15.jpg,room-16.jpg', '2021-01-16 02:09:59', '2021-01-16 02:09:59'),
(94, 'Ut nobis harum.', 'Ea asperiores nobis iure illo id doloremque voluptatem rem qui non vel a et asperiores qui velit aperiam autem assumenda molestiae nam magni modi qui voluptas animi quidem quaerat animi et eius sunt.', 122, 1, 10, 'room-1.jpg,room-2.jpg,room-3.jpg,room-4.jpg', '2021-01-16 02:09:59', '2021-01-16 02:09:59'),
(95, 'Vitae ut quia.', 'Quo facere ipsa iure repellendus aperiam magni corrupti enim sunt ipsa nemo velit nulla eligendi in temporibus fugiat vitae ut dolor magnam quaerat quo est unde vel amet laudantium quia maiores facilis et fugiat repellendus qui et sed distinctio fuga iusto.', 485, 1, 10, 'room-1.jpg,room-2.jpg,room-3.jpg,room-4.jpg', '2021-01-16 02:09:59', '2021-01-16 02:09:59'),
(96, 'Omnis rerum.', 'Dolor sit est debitis qui natus perspiciatis unde aut occaecati tempore provident quisquam modi in ipsum non ea voluptatem quasi illo fugit laborum voluptatum incidunt quis cum porro sint eius recusandae adipisci atque laudantium iusto voluptatem neque perferendis voluptate nisi sequi dignissimos cupiditate vel accusamus natus quis id iste veniam sit voluptatum voluptatem et repellat debitis perspiciatis sunt iusto nihil voluptatem.', 921, 2, 10, 'room-9.jpg,room-10.jpg,room-11.jpg,room-12.jpg', '2021-01-16 02:09:59', '2021-01-16 02:09:59'),
(97, 'Quo quae ratione.', 'Id deleniti autem minus minima asperiores ut accusamus est quis iure eius facere dolorum quo aut voluptatum accusamus unde necessitatibus sunt doloremque quis harum autem mollitia id nihil eveniet suscipit eveniet et error et quas ipsa voluptatem aut corporis quam aut magni quia et molestias enim est neque illo non velit qui minus vel aperiam non tenetur.', 857, 3, 10, 'room-21.jpg,room-22.jpg,room-23.jpg,room-24.jpg', '2021-01-16 02:09:59', '2021-01-16 02:09:59'),
(98, 'Veniam veniam tempora.', 'A et tempora delectus laudantium recusandae vitae deserunt vero nemo ut nostrum quisquam qui et dolor molestiae sed iusto consequatur veniam autem non reiciendis amet ducimus est ut est ut sunt deleniti corrupti dolor qui repellendus incidunt saepe amet a perspiciatis aut pariatur et est enim et officiis qui eveniet vero voluptate itaque tempora debitis et atque sunt deleniti sit nesciunt ipsa.', 727, 1, 10, 'room-1.jpg,room-2.jpg,room-3.jpg,room-4.jpg', '2021-01-16 02:09:59', '2021-01-16 02:09:59'),
(99, 'Ex aut laudantium.', 'Qui minus fugit cumque et maxime reprehenderit et aperiam unde voluptas harum est qui numquam sint tenetur quia rem autem odio sit sunt nulla ut et est et eum incidunt molestiae voluptas architecto optio fuga et omnis ut eum saepe nisi quisquam expedita recusandae quis ea vero nisi assumenda natus sint sit assumenda possimus sint rerum sed rerum at dolores aut ut.', 896, 3, 10, 'room-5.jpg,room-6.jpg,room-7.jpg,room-8.jpg', '2021-01-16 02:09:59', '2021-01-16 02:09:59'),
(100, 'Non aut.', 'Est odio id est est aut enim ut eos consequatur ea sit sit et explicabo excepturi dolor eius asperiores dolor laboriosam dicta qui nostrum voluptatum non reprehenderit omnis ut cumque fugit inventore ut inventore commodi delectus commodi explicabo enim vitae eius laborum incidunt debitis et et et dolore alias fugiat quo a ut dolores laborum consequatur.', 672, 2, 10, 'room-13.jpg,room-14.jpg,room-15.jpg,room-16.jpg', '2021-01-16 02:09:59', '2021-01-16 02:09:59');

-- --------------------------------------------------------

--
-- Table structure for table `users`
--

CREATE TABLE `users` (
  `id` bigint(20) UNSIGNED NOT NULL,
  `first_name` varchar(255) COLLATE utf8mb4_unicode_ci NOT NULL,
  `last_name` varchar(255) COLLATE utf8mb4_unicode_ci NOT NULL,
  `phone` varchar(255) COLLATE utf8mb4_unicode_ci DEFAULT NULL,
  `address` varchar(255) COLLATE utf8mb4_unicode_ci DEFAULT NULL,
  `city` varchar(255) COLLATE utf8mb4_unicode_ci DEFAULT NULL,
  `email` varchar(255) COLLATE utf8mb4_unicode_ci NOT NULL,
  `password` varchar(255) COLLATE utf8mb4_unicode_ci NOT NULL,
  `is_admin` tinyint(1) NOT NULL,
  `image` varchar(255) COLLATE utf8mb4_unicode_ci DEFAULT NULL,
  `remember_token` varchar(100) COLLATE utf8mb4_unicode_ci DEFAULT NULL,
  `created_at` timestamp NULL DEFAULT NULL,
  `updated_at` timestamp NULL DEFAULT NULL
) ENGINE=InnoDB DEFAULT CHARSET=utf8mb4 COLLATE=utf8mb4_unicode_ci;

--
-- Dumping data for table `users`
--

INSERT INTO `users` (`id`, `first_name`, `last_name`, `phone`, `address`, `city`, `email`, `password`, `is_admin`, `image`, `remember_token`, `created_at`, `updated_at`) VALUES
(1, 'Dallas', 'Cassin', '801-754-8111', '56350 Colten Pass Apt. 758', 'Macimouth', 'omayert@example.net', '$2y$10$92IXUNpkjO0rOQ5byMi.Ye4oKoEa3Ro9llC/.og/at2.uheWG/igi', 0, NULL, 'X3CSyYs3Hc', '2021-01-16 02:09:13', '2021-01-16 02:09:13'),
(2, 'Dedrick', 'Kreiger', '747-299-9368', '28667 Brooke Center', 'North Alysaside', 'wilton26@example.org', '$2y$10$92IXUNpkjO0rOQ5byMi.Ye4oKoEa3Ro9llC/.og/at2.uheWG/igi', 0, NULL, 'EMcbkck9kh', '2021-01-16 02:09:13', '2021-01-16 02:09:13'),
(3, 'Turner', 'Hirthe', '(484) 562-2067 x7679', '44892 Raven Greens', 'Lake Zoraborough', 'darwin.bednar@example.com', '$2y$10$92IXUNpkjO0rOQ5byMi.Ye4oKoEa3Ro9llC/.og/at2.uheWG/igi', 0, NULL, 'ZMDlSyJzkD', '2021-01-16 02:09:13', '2021-01-16 02:09:13'),
(4, 'Blaise', 'Stamm', '740-268-7249', '2819 Grady Camp Apt. 701', 'East Ariborough', 'ward.margret@example.com', '$2y$10$92IXUNpkjO0rOQ5byMi.Ye4oKoEa3Ro9llC/.og/at2.uheWG/igi', 0, NULL, '4vo8CDbjbF', '2021-01-16 02:09:13', '2021-01-16 02:09:13'),
(5, 'Declan', 'Bailey', '(738) 638-0636 x5030', '72233 Kunze Isle', 'Ryleighmouth', 'malcolm.gislason@example.net', '$2y$10$92IXUNpkjO0rOQ5byMi.Ye4oKoEa3Ro9llC/.og/at2.uheWG/igi', 0, NULL, 'e00LWdM1Sv', '2021-01-16 02:09:13', '2021-01-16 02:09:13'),
(6, 'Eveline', 'Johns', '+1.296.343.0050', '72286 Will Fields Apt. 800', 'Russelshire', 'bednar.modesto@example.com', '$2y$10$92IXUNpkjO0rOQ5byMi.Ye4oKoEa3Ro9llC/.og/at2.uheWG/igi', 0, NULL, 'GPddTcnPBl', '2021-01-16 02:09:13', '2021-01-16 02:09:13'),
(7, 'Citlalli', 'Altenwerth', '703.239.1385', '34542 Sylvia Locks', 'Travonborough', 'mosciski.chester@example.com', '$2y$10$92IXUNpkjO0rOQ5byMi.Ye4oKoEa3Ro9llC/.og/at2.uheWG/igi', 0, NULL, 'yxGlSD0hdS', '2021-01-16 02:09:13', '2021-01-16 02:09:13'),
(8, 'Carmel', 'Padberg', '1-524-980-0564', '1604 Lexus Mall', 'Nienowchester', 'carli04@example.com', '$2y$10$92IXUNpkjO0rOQ5byMi.Ye4oKoEa3Ro9llC/.og/at2.uheWG/igi', 0, NULL, 'NnwjFRwaxs', '2021-01-16 02:09:13', '2021-01-16 02:09:13'),
(9, 'Rodrick', 'Marks', '(214) 954-9959', '676 Rubie Meadows Suite 054', 'Schadenland', 'aidan.prosacco@example.net', '$2y$10$92IXUNpkjO0rOQ5byMi.Ye4oKoEa3Ro9llC/.og/at2.uheWG/igi', 0, NULL, '8aWH30MFfu', '2021-01-16 02:09:13', '2021-01-16 02:09:13'),
(10, 'Stephon', 'McGlynn', '(658) 945-0560 x807', '67639 Andre Road', 'Lake Tevinshire', 'dtromp@example.net', '$2y$10$92IXUNpkjO0rOQ5byMi.Ye4oKoEa3Ro9llC/.og/at2.uheWG/igi', 0, NULL, 'BoIHzveH45', '2021-01-16 02:09:13', '2021-01-16 02:09:13'),
(11, 'Ahmed', 'Hamada', '0666336633', 'Rue 55, Qt X', 'Rabat', 'admin@gmail.com', '$2y$10$aAAnTNyjVfUdYigESKe4z.gliNx6rOq8qls30dal7c3ryD0XLAXPa', 1, NULL, 'Y5tEDByAGq', NULL, NULL),
(12, 'Jakir', 'Hossain', NULL, NULL, NULL, 'jakir@gmail.com', '$2y$10$jZ2xElWIVrrXW3LETdkege7lkJfS6oxHDrFRsMuVzSV7pTmQo86na', 1, NULL, NULL, '2021-01-16 02:25:45', '2021-01-16 02:25:45'),
(13, 'Monir', 'Hossain', NULL, NULL, NULL, 'monir@gmail.com', '$2y$10$CEjnpZKXl96Lwbkudjy3weL9kSnc.e6nmTMtGWF7lOpZ4jsalHV.q', 1, NULL, NULL, '2021-01-16 02:26:21', '2021-01-16 02:26:21'),
(14, 'zaman', 'Hossain', '014785555', NULL, NULL, 'zaman@gmail.com', '$2y$10$VoFuGKX7i/AsUP20mh07L.itDPSsX.1zJQzdRq9ie6e/Nxy7sX6vi', 1, 'user_14_1610788505.jpg', NULL, '2021-01-16 02:29:56', '2021-01-16 03:15:05'),
(15, 'Amena', 'Khatun', NULL, NULL, NULL, 'amenakhatun1212@gmail.com', '$2y$10$0XHwd7oGEwkM9Rr61arAu.Y1YVCIzsMF5zW2Sq7d5Df4FJnLE7dda', 0, 'user_15_1611461097.jpg', NULL, '2021-01-23 10:03:40', '2021-01-23 22:04:57');

--
-- Indexes for dumped tables
--

--
-- Indexes for table `bookings`
--
ALTER TABLE `bookings`
  ADD PRIMARY KEY (`id`),
  ADD KEY `bookings_user_id_foreign` (`user_id`),
  ADD KEY `bookings_room_id_foreign` (`room_id`);

--
-- Indexes for table `failed_jobs`
--
ALTER TABLE `failed_jobs`
  ADD PRIMARY KEY (`id`);

--
-- Indexes for table `features`
--
ALTER TABLE `features`
  ADD PRIMARY KEY (`id`),
  ADD KEY `features_room_id_foreign` (`room_id`);

--
-- Indexes for table `hotels`
--
ALTER TABLE `hotels`
  ADD PRIMARY KEY (`id`);

--
-- Indexes for table `migrations`
--
ALTER TABLE `migrations`
  ADD PRIMARY KEY (`id`);

--
-- Indexes for table `oauth_access_tokens`
--
ALTER TABLE `oauth_access_tokens`
  ADD PRIMARY KEY (`id`),
  ADD KEY `oauth_access_tokens_user_id_index` (`user_id`);

--
-- Indexes for table `oauth_auth_codes`
--
ALTER TABLE `oauth_auth_codes`
  ADD PRIMARY KEY (`id`),
  ADD KEY `oauth_auth_codes_user_id_index` (`user_id`);

--
-- Indexes for table `oauth_clients`
--
ALTER TABLE `oauth_clients`
  ADD PRIMARY KEY (`id`),
  ADD KEY `oauth_clients_user_id_index` (`user_id`);

--
-- Indexes for table `oauth_personal_access_clients`
--
ALTER TABLE `oauth_personal_access_clients`
  ADD PRIMARY KEY (`id`);

--
-- Indexes for table `oauth_refresh_tokens`
--
ALTER TABLE `oauth_refresh_tokens`
  ADD PRIMARY KEY (`id`),
  ADD KEY `oauth_refresh_tokens_access_token_id_index` (`access_token_id`);

--
-- Indexes for table `password_resets`
--
ALTER TABLE `password_resets`
  ADD KEY `password_resets_email_index` (`email`);

--
-- Indexes for table `reviews`
--
ALTER TABLE `reviews`
  ADD PRIMARY KEY (`id`),
  ADD KEY `reviews_hotel_id_foreign` (`hotel_id`),
  ADD KEY `reviews_user_id_foreign` (`user_id`);

--
-- Indexes for table `rooms`
--
ALTER TABLE `rooms`
  ADD PRIMARY KEY (`id`),
  ADD KEY `rooms_hotel_id_foreign` (`hotel_id`);

--
-- Indexes for table `users`
--
ALTER TABLE `users`
  ADD PRIMARY KEY (`id`),
  ADD UNIQUE KEY `users_email_unique` (`email`);

--
-- AUTO_INCREMENT for dumped tables
--

--
-- AUTO_INCREMENT for table `bookings`
--
ALTER TABLE `bookings`
  MODIFY `id` bigint(20) UNSIGNED NOT NULL AUTO_INCREMENT, AUTO_INCREMENT=113;

--
-- AUTO_INCREMENT for table `failed_jobs`
--
ALTER TABLE `failed_jobs`
  MODIFY `id` bigint(20) UNSIGNED NOT NULL AUTO_INCREMENT;

--
-- AUTO_INCREMENT for table `features`
--
ALTER TABLE `features`
  MODIFY `id` bigint(20) UNSIGNED NOT NULL AUTO_INCREMENT, AUTO_INCREMENT=1001;

--
-- AUTO_INCREMENT for table `hotels`
--
ALTER TABLE `hotels`
  MODIFY `id` bigint(20) UNSIGNED NOT NULL AUTO_INCREMENT, AUTO_INCREMENT=11;

--
-- AUTO_INCREMENT for table `migrations`
--
ALTER TABLE `migrations`
  MODIFY `id` int(10) UNSIGNED NOT NULL AUTO_INCREMENT, AUTO_INCREMENT=14;

--
-- AUTO_INCREMENT for table `oauth_clients`
--
ALTER TABLE `oauth_clients`
  MODIFY `id` bigint(20) UNSIGNED NOT NULL AUTO_INCREMENT, AUTO_INCREMENT=3;

--
-- AUTO_INCREMENT for table `oauth_personal_access_clients`
--
ALTER TABLE `oauth_personal_access_clients`
  MODIFY `id` bigint(20) UNSIGNED NOT NULL AUTO_INCREMENT, AUTO_INCREMENT=2;

--
-- AUTO_INCREMENT for table `reviews`
--
ALTER TABLE `reviews`
  MODIFY `id` bigint(20) UNSIGNED NOT NULL AUTO_INCREMENT, AUTO_INCREMENT=101;

--
-- AUTO_INCREMENT for table `rooms`
--
ALTER TABLE `rooms`
  MODIFY `id` bigint(20) UNSIGNED NOT NULL AUTO_INCREMENT, AUTO_INCREMENT=101;

--
-- AUTO_INCREMENT for table `users`
--
ALTER TABLE `users`
  MODIFY `id` bigint(20) UNSIGNED NOT NULL AUTO_INCREMENT, AUTO_INCREMENT=16;

--
-- Constraints for dumped tables
--

--
-- Constraints for table `bookings`
--
ALTER TABLE `bookings`
  ADD CONSTRAINT `bookings_room_id_foreign` FOREIGN KEY (`room_id`) REFERENCES `rooms` (`id`) ON DELETE CASCADE ON UPDATE CASCADE,
  ADD CONSTRAINT `bookings_user_id_foreign` FOREIGN KEY (`user_id`) REFERENCES `users` (`id`) ON DELETE CASCADE ON UPDATE CASCADE;

--
-- Constraints for table `features`
--
ALTER TABLE `features`
  ADD CONSTRAINT `features_room_id_foreign` FOREIGN KEY (`room_id`) REFERENCES `rooms` (`id`) ON DELETE CASCADE;

--
-- Constraints for table `reviews`
--
ALTER TABLE `reviews`
  ADD CONSTRAINT `reviews_hotel_id_foreign` FOREIGN KEY (`hotel_id`) REFERENCES `hotels` (`id`) ON DELETE CASCADE ON UPDATE CASCADE,
  ADD CONSTRAINT `reviews_user_id_foreign` FOREIGN KEY (`user_id`) REFERENCES `users` (`id`) ON DELETE CASCADE ON UPDATE CASCADE;

--
-- Constraints for table `rooms`
--
ALTER TABLE `rooms`
  ADD CONSTRAINT `rooms_hotel_id_foreign` FOREIGN KEY (`hotel_id`) REFERENCES `hotels` (`id`) ON DELETE CASCADE ON UPDATE CASCADE;
COMMIT;

/*!40101 SET CHARACTER_SET_CLIENT=@OLD_CHARACTER_SET_CLIENT */;
/*!40101 SET CHARACTER_SET_RESULTS=@OLD_CHARACTER_SET_RESULTS */;
/*!40101 SET COLLATION_CONNECTION=@OLD_COLLATION_CONNECTION */;
